Image,,Prediction
test_1.jpg,1,tablet_kapsul
test_3.png,3,botol_aerosol
test_4.jpg,4,kantong_plastik
test_6.jpg,6,botol_aerosol
test_7.jpg,7,tablet_kapsul
test_8.jpg,8,sisa_makanan
test_9.jpg,9,baterai
test_10.jpg,10,cangkang_telur
test_11.jpg,11,tablet_kapsul
test_12.jpg,12,sisa_makanan
test_14.png,14,cangkang_telur
test_15.jpg,15,cangkang_telur
test_16.jpg,16,sisa_makanan
test_18.jpg,18,botol_aerosol
test_19.png,19,botol_aerosol
test_20.jpg,20,botol_aerosol
test_21.jpg,21,tablet_kapsul
test_22.jpg,22,cangkang_telur
test_23.jpg,23,botol_aerosol
test_24.jpg,24,cangkang_telur
test_26.jpg,26,tablet_kapsul
test_27.jpg,27,tablet_kapsul
test_28.jpg,28,tablet_kapsul
test_29.jpg,29,botol_aerosol
test_30.jpg,30,botol_aerosol
test_31.jpg,31,botol_aerosol
test_32.jpg,32,botol_aerosol
test_33.png,33,cangkang_telur
test_34.jpg,34,sisa_makanan
test_35.jpg,35,botol_aerosol
test_36.jpg,36,botol_aerosol
test_38.jpg,38,tablet_kapsul
test_39.jpg,39,cangkang_telur
test_40.jpg,40,sisa_makanan
test_41.jpg,41,tablet_kapsul
test_42.jpg,42,botol_aerosol
test_43.jpg,43,kantong_plastik
test_44.jpg,44,tablet_kapsul
test_45.jpg,45,cangkang_telur
test_46.jpg,46,cangkang_telur
test_47.png,47,bohlam
test_48.png,48,cangkang_telur
test_49.jpg,49,botol_aerosol
test_50.jpg,50,cangkang_telur
test_51.jpg,51,baterai
test_52.png,52,botol_aerosol
test_53.jpg,53,kantong_plastik
test_54.jpg,54,botol_aerosol
test_55.jpg,55,cangkang_telur
test_56.png,56,botol_aerosol
test_57.jpg,57,baterai
test_58.jpg,58,tablet_kapsul
test_59.jpg,59,kantong_plastik
test_60.png,60,cangkang_telur
test_61.jpg,61,tablet_kapsul
test_63.jpg,63,tablet_kapsul
test_64.jpg,64,botol_aerosol
test_65.jpg,65,kantong_plastik
test_66.png,66,botol_aerosol
test_67.jpg,67,kantong_plastik
test_68.jpeg,68,botol_aerosol
test_69.jpg,69,botol_aerosol
test_70.jpg,70,cangkang_telur
test_71.jpg,71,tablet_kapsul
test_72.jpg,72,botol_aerosol
test_73.jpg,73,cangkang_telur
test_74.jpg,74,botol_aerosol
test_75.jpg,75,kantong_plastik
test_76.jpg,76,botol_aerosol
test_77.jpg,77,pet
test_78.jpg,78,tablet_kapsul
test_80.jpg,80,tablet_kapsul
test_81.jpg,81,sisa_makanan
test_82.jpg,82,kantong_plastik
test_83.jpg,83,tablet_kapsul
test_84.jpg,84,botol_aerosol
test_85.jpg,85,botol_aerosol
test_86.png,86,baterai
test_87.jpg,87,botol_aerosol
test_88.jpg,88,tissue
test_89.jpg,89,botol_aerosol
test_90.jpg,90,kantong_plastik
test_91.jpg,91,botol_aerosol
test_92.jpg,92,tablet_kapsul
test_93.jpg,93,tissue
test_94.png,94,botol_aerosol
test_95.jpg,95,cangkang_telur
test_96.jpg,96,botol_aerosol
test_97.jpg,97,cangkang_telur
test_98.jpg,98,baterai
test_99.jpg,99,botol_aerosol
test_100.jpg,100,botol_aerosol
test_101.jpg,101,botol_aerosol
test_102.jpg,102,cangkang_telur
test_103.jpg,103,sisa_makanan
test_104.jpg,104,botol_aerosol
test_105.jpg,105,cangkang_telur
test_106.jpg,106,botol_aerosol
test_108.jpg,108,tablet_kapsul
test_109.png,109,cangkang_telur
test_110.jpg,110,botol_aerosol
test_111.jpg,111,tablet_kapsul
test_112.jpg,112,sisa_makanan
test_113.jpg,113,kantong_plastik
test_114.png,114,botol_aerosol
test_115.jpg,115,baterai
test_116.jpg,116,tablet_kapsul
test_117.jpg,117,botol_aerosol
test_118.jpg,118,tablet_kapsul
test_119.jpg,119,sisa_makanan
test_120.jpg,120,bohlam
test_121.jpg,121,botol_aerosol
test_122.png,122,cangkang_telur
test_123.jpg,123,tablet_kapsul
test_125.jpg,125,botol_aerosol
test_126.jpg,126,baterai
test_127.jpg,127,cangkang_telur
test_128.jpg,128,botol_aerosol
test_129.png,129,botol_aerosol
test_130.jpg,130,botol_aerosol
test_131.jpg,131,botol_aerosol
test_132.jpg,132,botol_aerosol
test_133.jpg,133,tablet_kapsul
test_134.jpg,134,tablet_kapsul
test_135.jpg,135,sisa_makanan
test_136.jpg,136,botol_aerosol
test_137.jpg,137,tablet_kapsul
test_138.jpg,138,sisa_makanan
test_139.jpg,139,cangkang_telur
test_140.jpg,140,cangkang_telur
test_141.png,141,botol_aerosol
test_142.jpg,142,botol_aerosol
test_143.jpg,143,botol_aerosol
test_144.jpg,144,botol_aerosol
test_145.png,145,botol_aerosol
test_146.jpg,146,botol_aerosol
test_147.jpg,147,tissue
test_148.jpg,148,tablet_kapsul
test_149.jpg,149,tablet_kapsul
test_150.jpg,150,kantong_plastik
test_151.jpg,151,sisa_makanan
test_152.jpg,152,sisa_makanan
test_153.jpg,153,botol_aerosol
test_154.jpg,154,botol_aerosol
test_155.jpg,155,botol_aerosol
test_156.png,156,botol_aerosol
test_157.jpg,157,tablet_kapsul
test_159.png,159,botol_aerosol
test_160.png,160,kardus
test_161.jpg,161,sisa_makanan
test_162.jpg,162,botol_aerosol
test_164.jpg,164,baterai
test_165.jpg,165,tablet_kapsul
test_166.jpg,166,tablet_kapsul
test_167.jpg,167,kantong_plastik
test_169.jpg,169,sisa_makanan
test_170.jpg,170,cangkang_telur
test_171.jpg,171,tablet_kapsul
test_172.jpg,172,cangkang_telur
test_173.jpg,173,tissue
test_174.jpg,174,cangkang_telur
test_175.jpg,175,kantong_plastik
test_176.jpg,176,baterai
test_177.jpg,177,botol_aerosol
test_178.jpg,178,tablet_kapsul
test_179.jpg,179,botol_aerosol
test_180.jpg,180,kantong_plastik
test_181.jpg,181,botol_aerosol
test_182.jpg,182,botol_aerosol
test_183.jpg,183,cangkang_telur
test_184.png,184,botol_aerosol
test_185.jpg,185,tablet_kapsul
test_186.jpg,186,botol_aerosol
test_187.jpg,187,cangkang_telur
test_188.jpg,188,botol_aerosol
test_189.jpg,189,tablet_kapsul
test_190.jpg,190,kantong_plastik
test_191.jpg,191,tablet_kapsul
test_192.jpg,192,sisa_makanan
test_193.jpg,193,kantong_plastik
test_194.jpg,194,botol_aerosol
test_195.jpg,195,botol_aerosol
test_196.png,196,tablet_kapsul
test_197.png,197,botol_aerosol
test_198.jpg,198,sisa_makanan
test_201.jpg,201,cangkang_telur
test_202.jpg,202,tissue
test_203.jpg,203,tablet_kapsul
test_205.jpg,205,botol_aerosol
test_206.jpg,206,botol_aerosol
test_207.jpg,207,tissue
test_208.jpg,208,sisa_makanan
test_210.png,210,botol_aerosol
test_211.jpg,211,sisa_makanan
test_212.jpg,212,tablet_kapsul
test_213.jpg,213,tablet_kapsul
test_214.jpg,214,baterai
test_216.jpg,216,tablet_kapsul
test_217.jpg,217,sisa_makanan
test_218.jpg,218,botol_aerosol
test_219.jpg,219,botol_aerosol
test_220.jpg,220,kantong_plastik
test_221.jpg,221,tablet_kapsul
test_222.jpg,222,tablet_kapsul
test_223.jpg,223,bohlam
test_224.jpg,224,cangkang_telur
test_225.jpg,225,tablet_kapsul
test_226.jpg,226,tablet_kapsul
test_227.jpg,227,bohlam
test_228.jpg,228,tablet_kapsul
test_229.jpg,229,botol_aerosol
test_230.png,230,cangkang_telur
test_232.jpg,232,botol_aerosol
test_233.jpg,233,tissue
test_234.png,234,cangkang_telur
test_235.jpg,235,tablet_kapsul
test_236.png,236,cangkang_telur
test_237.jpg,237,tablet_kapsul
test_238.png,238,baterai
test_239.jpg,239,tablet_kapsul
test_240.png,240,botol_aerosol
test_241.jpg,241,tablet_kapsul
test_242.jpg,242,bohlam
test_243.jpg,243,cangkang_telur
test_244.jpg,244,baterai
test_245.jpg,245,kaleng
test_246.jpg,246,tablet_kapsul
test_247.jpg,247,tablet_kapsul
test_248.jpg,248,cangkang_telur
test_249.jpg,249,tablet_kapsul
test_250.jpg,250,kaleng
test_251.jpg,251,tissue
test_252.jpg,252,cangkang_telur
test_253.png,253,botol_aerosol
test_254.jpg,254,botol_aerosol
test_256.jpg,256,kantong_plastik
test_257.jpg,257,tablet_kapsul
test_258.jpg,258,tablet_kapsul
test_259.jpg,259,botol_aerosol
test_260.jpg,260,baterai
test_261.jpg,261,botol_aerosol
test_262.jpg,262,sisa_makanan
test_263.jpg,263,tablet_kapsul
test_264.jpg,264,botol_aerosol
test_265.jpg,265,cangkang_telur
test_266.jpg,266,kantong_plastik
test_267.jpg,267,tablet_kapsul
test_268.jpg,268,cangkang_telur
test_269.jpg,269,tablet_kapsul
test_270.jpg,270,botol_aerosol
test_271.jpg,271,botol_obat
test_272.jpg,272,botol_aerosol
test_273.jpg,273,baterai
test_274.jpg,274,cangkang_telur
test_275.jpg,275,sisa_makanan
test_276.jpg,276,sisa_makanan
test_277.jpg,277,cangkang_telur
test_278.jpg,278,pet
test_279.jpg,279,kantong_plastik
test_281.jpg,281,botol_aerosol
test_282.jpg,282,tablet_kapsul
test_283.jpg,283,botol_aerosol
test_284.jpg,284,cangkang_telur
test_285.jpg,285,kantong_plastik
test_286.jpg,286,sisa_makanan
test_287.jpg,287,cangkang_telur
test_288.jpg,288,tablet_kapsul
test_289.jpg,289,bohlam
test_290.jpg,290,sisa_makanan
test_291.jpg,291,cangkang_telur
test_292.jpg,292,botol_aerosol
test_293.jpg,293,botol_aerosol
test_294.png,294,cangkang_telur
test_295.jpg,295,tablet_kapsul
test_296.jpg,296,tissue
test_297.jpg,297,sisa_makanan
test_298.jpg,298,botol_aerosol
test_299.jpg,299,kantong_plastik
test_300.jpg,300,kantong_plastik
test_302.jpg,302,baterai
test_303.jpg,303,cangkang_telur
test_304.jpg,304,cangkang_telur
test_305.jpg,305,kantong_plastik
test_306.jpg,306,botol_aerosol
test_308.jpg,308,botol_aerosol
test_309.png,309,cangkang_telur
test_310.jpg,310,cangkang_telur
test_311.jpg,311,bohlam
test_312.jpg,312,tablet_kapsul
test_313.png,313,baterai
test_314.jpg,314,cangkang_telur
test_315.jpg,315,cangkang_telur
test_316.jpg,316,kaleng
test_317.jpg,317,kantong_plastik
test_318.jpg,318,kantong_plastik
test_320.jpg,320,tablet_kapsul
test_321.jpg,321,tissue
test_322.jpg,322,baterai
test_323.jpg,323,botol_aerosol
test_324.png,324,cangkang_telur
test_325.jpg,325,baterai
test_326.jpg,326,botol_aerosol
test_327.jpg,327,sisa_makanan
test_328.jpg,328,botol_aerosol
test_329.jpg,329,tablet_kapsul
test_330.png,330,botol_aerosol
test_331.jpg,331,tablet_kapsul
test_332.jpg,332,tablet_kapsul
test_333.jpg,333,botol_aerosol
test_335.jpg,335,botol_aerosol
test_336.jpg,336,botol_aerosol
test_337.jpg,337,baterai
test_338.jpg,338,baterai
test_339.jpg,339,botol_aerosol
test_340.jpg,340,cangkang_telur
test_341.jpg,341,tablet_kapsul
test_342.jpg,342,cangkang_telur
test_343.png,343,botol_aerosol
test_345.jpg,345,sisa_makanan
test_346.jpg,346,tablet_kapsul
test_348.jpg,348,cangkang_telur
test_349.jpg,349,tablet_kapsul
test_350.jpg,350,tablet_kapsul
test_353.jpg,353,kantong_plastik
test_354.png,354,cangkang_telur
test_355.jpg,355,kantong_plastik
test_356.jpg,356,tablet_kapsul
test_357.jpg,357,botol_aerosol
test_358.jpg,358,bohlam
test_359.jpg,359,kantong_plastik
test_360.jpg,360,kantong_plastik
test_361.jpg,361,baterai
test_362.jpg,362,cangkang_telur
test_363.jpg,363,tablet_kapsul
test_364.png,364,cangkang_telur
test_365.jpg,365,sisa_makanan
test_366.jpg,366,cangkang_telur
test_367.jpg,367,botol_aerosol
test_368.jpg,368,tablet_kapsul
test_369.jpg,369,tissue
test_370.jpg,370,kantong_plastik
test_371.jpg,371,botol_aerosol
test_372.jpg,372,baterai
test_373.jpg,373,sisa_makanan
test_374.jpg,374,baterai
test_375.jpg,375,botol_obat
test_376.jpg,376,cangkang_telur
test_377.jpg,377,tablet_kapsul
test_379.jpg,379,botol_aerosol
test_380.jpg,380,cangkang_telur
test_381.jpg,381,bohlam
test_382.jpg,382,botol_aerosol
test_383.jpg,383,kaleng
test_384.jpg,384,tablet_kapsul
test_385.jpg,385,botol_aerosol
test_386.jpg,386,botol_aerosol
test_387.png,387,sisa_makanan
test_388.jpg,388,baterai
test_389.png,389,botol_aerosol
test_390.jpg,390,kantong_plastik
test_391.jpg,391,sisa_makanan
test_392.jpg,392,botol_aerosol
test_393.jpg,393,botol_aerosol
test_394.jpg,394,botol_aerosol
test_395.jpg,395,baterai
test_397.jpg,397,bohlam
test_399.jpg,399,kantong_plastik
test_400.png,400,botol_aerosol
test_401.jpg,401,tablet_kapsul
test_402.jpg,402,bohlam
test_403.jpg,403,botol_aerosol
test_404.jpg,404,kantong_plastik
test_406.png,406,botol_aerosol
test_407.jpg,407,tablet_kapsul
test_408.png,408,cangkang_telur
test_409.jpg,409,sisa_makanan
test_410.jpg,410,cangkang_telur
test_411.jpg,411,kantong_plastik
test_412.jpg,412,botol_aerosol
test_413.jpg,413,botol_aerosol
test_414.jpg,414,cangkang_telur
test_415.jpg,415,tablet_kapsul
test_416.jpg,416,sisa_makanan
test_417.jpg,417,botol_aerosol
test_418.jpg,418,tablet_kapsul
test_419.jpg,419,kantong_plastik
test_420.jpg,420,cangkang_telur
test_421.jpg,421,botol_aerosol
test_422.jpg,422,kantong_plastik
test_423.jpg,423,sisa_makanan
test_425.jpg,425,tissue
test_426.png,426,kantong_plastik
test_427.jpg,427,cangkang_telur
test_428.png,428,cangkang_telur
test_429.jpg,429,cangkang_telur
test_430.jpg,430,cangkang_telur
test_431.png,431,cangkang_telur
test_432.jpg,432,kantong_plastik
test_433.jpg,433,botol_aerosol
test_434.jpg,434,baterai
test_435.jpg,435,tablet_kapsul
test_436.jpeg,436,botol_aerosol
test_437.jpg,437,botol_aerosol
test_438.png,438,botol_aerosol
test_440.jpg,440,tablet_kapsul
test_441.jpg,441,tablet_kapsul
test_442.jpg,442,cangkang_telur
test_444.jpg,444,sisa_makanan
test_445.jpg,445,cangkang_telur
test_446.jpg,446,kardus
test_447.jpg,447,botol_aerosol
test_449.jpg,449,tablet_kapsul
test_450.jpg,450,botol_aerosol
test_451.jpg,451,tablet_kapsul
test_452.jpg,452,botol_aerosol
test_453.jpg,453,botol_aerosol
test_454.jpg,454,cangkang_telur
test_455.jpg,455,tablet_kapsul
test_456.png,456,botol_aerosol
test_457.jpg,457,tablet_kapsul
test_458.jpg,458,botol_aerosol
test_459.jpg,459,sisa_makanan
test_460.png,460,botol_aerosol
test_461.jpg,461,botol_aerosol
test_462.jpg,462,tablet_kapsul
test_463.jpg,463,sisa_makanan
test_464.png,464,botol_aerosol
test_465.jpg,465,tablet_kapsul
test_466.jpg,466,sisa_makanan
test_467.jpg,467,botol_aerosol
test_469.jpg,469,cangkang_telur
test_470.jpg,470,botol_aerosol
test_471.jpg,471,tablet_kapsul
test_472.jpg,472,tablet_kapsul
test_473.jpg,473,botol_aerosol
test_474.jpg,474,botol_aerosol
test_475.jpg,475,tissue
test_476.jpg,476,tablet_kapsul
test_477.jpg,477,botol_aerosol
test_478.jpg,478,botol_aerosol
test_479.png,479,botol_aerosol
test_480.jpg,480,cangkang_telur
test_481.jpg,481,cangkang_telur
test_482.jpg,482,sisa_makanan
test_483.jpg,483,baterai
test_484.jpg,484,tablet_kapsul
test_485.jpg,485,kantong_plastik
test_486.jpg,486,cangkang_telur
test_487.jpg,487,botol_aerosol
test_488.jpg,488,tablet_kapsul
test_489.jpg,489,tissue
test_490.jpg,490,sisa_makanan
test_491.jpg,491,cangkang_telur
test_492.jpg,492,botol_aerosol
test_493.jpg,493,kantong_plastik
test_494.jpg,494,baterai
test_495.jpg,495,sisa_makanan
test_496.jpg,496,botol_aerosol
test_497.jpg,497,kantong_plastik
test_498.jpg,498,baterai
test_499.jpg,499,sisa_makanan
test_501.jpg,501,sisa_makanan
test_502.jpg,502,bohlam
test_503.png,503,botol_aerosol
test_504.jpg,504,baterai
test_505.jpg,505,botol_aerosol
test_506.jpg,506,botol_aerosol
test_507.jpg,507,botol_aerosol
test_508.jpg,508,cangkang_telur
test_509.jpg,509,tablet_kapsul
test_510.jpg,510,tablet_kapsul
test_511.jpg,511,botol_aerosol
test_512.jpg,512,kantong_plastik
test_513.jpg,513,botol_aerosol
test_514.jpg,514,tablet_kapsul
test_515.png,515,botol_aerosol
test_516.jpg,516,baterai
test_517.jpg,517,botol_aerosol
test_518.jpg,518,cangkang_telur
test_519.jpg,519,sisa_makanan
test_520.jpg,520,botol_aerosol
test_521.jpg,521,cangkang_telur
test_522.jpg,522,tablet_kapsul
test_523.jpg,523,botol_aerosol
test_524.jpg,524,cangkang_telur
test_525.jpg,525,tissue
test_526.jpg,526,tissue
test_527.jpg,527,baterai
test_528.jpg,528,sisa_makanan
test_529.jpg,529,botol_aerosol
test_530.jpg,530,botol_aerosol
test_531.png,531,cangkang_telur
test_532.png,532,botol_aerosol
test_533.jpg,533,botol_obat
test_534.jpg,534,botol_obat
test_535.jpg,535,cangkang_telur
test_536.png,536,botol_aerosol
test_537.jpg,537,tablet_kapsul
test_538.jpg,538,botol_aerosol
test_540.jpg,540,botol_aerosol
test_541.jpg,541,botol_aerosol
test_542.png,542,botol_aerosol
test_543.jpg,543,cangkang_telur
test_544.jpg,544,sisa_makanan
test_545.jpg,545,tablet_kapsul
test_546.jpg,546,kantong_plastik
test_547.jpg,547,baterai
test_548.jpg,548,cangkang_telur
test_549.jpg,549,botol_aerosol
test_550.jpg,550,kantong_plastik
test_551.jpg,551,tablet_kapsul
test_552.png,552,botol_aerosol
test_553.jpg,553,cangkang_telur
test_554.jpg,554,baterai
test_555.jpg,555,botol_obat
test_556.png,556,botol_aerosol
test_557.png,557,cangkang_telur
test_558.jpg,558,tablet_kapsul
test_559.jpg,559,sisa_makanan
test_560.jpg,560,tablet_kapsul
test_561.jpg,561,tablet_kapsul
test_562.jpg,562,tablet_kapsul
test_563.png,563,botol_aerosol
test_564.jpg,564,cangkang_telur
test_565.png,565,botol_aerosol
test_566.jpg,566,cangkang_telur
test_567.jpg,567,tablet_kapsul
test_568.jpg,568,cangkang_telur
test_569.jpg,569,kantong_plastik
test_570.jpg,570,tablet_kapsul
test_571.jpg,571,botol_aerosol
test_572.jpg,572,kantong_plastik
test_574.jpg,574,tablet_kapsul
test_575.jpg,575,baterai
test_576.jpg,576,kantong_plastik
test_578.jpg,578,tablet_kapsul
test_579.jpg,579,sisa_makanan
test_580.jpg,580,botol_aerosol
test_581.jpg,581,baterai
test_582.jpg,582,cangkang_telur
test_583.jpg,583,botol_aerosol
test_584.jpg,584,tablet_kapsul
test_585.jpg,585,sisa_makanan
test_586.jpg,586,botol_aerosol
test_587.jpg,587,botol_aerosol
test_588.jpg,588,kantong_plastik
test_589.jpg,589,botol_aerosol
test_590.jpg,590,botol_aerosol
test_591.jpg,591,bohlam
test_592.jpg,592,cangkang_telur
test_593.jpg,593,sisa_makanan
test_594.jpg,594,cangkang_telur
test_595.png,595,cangkang_telur
test_596.jpg,596,botol_aerosol
test_597.jpg,597,botol_aerosol
test_598.jpg,598,tablet_kapsul
test_599.jpg,599,botol_aerosol
test_600.jpg,600,tablet_kapsul
test_601.jpg,601,bohlam
test_602.jpg,602,bohlam
test_603.jpg,603,botol_aerosol
test_604.jpg,604,sisa_makanan
test_605.jpg,605,botol_aerosol
test_606.jpg,606,baterai
test_607.png,607,botol_aerosol
test_608.png,608,cangkang_telur
test_610.png,610,cangkang_telur
test_611.jpg,611,botol_aerosol
test_612.jpg,612,cangkang_telur
test_613.jpg,613,botol_aerosol
test_614.png,614,kaleng
test_615.jpg,615,tablet_kapsul
test_616.jpg,616,tablet_kapsul
test_618.jpg,618,tablet_kapsul
test_619.jpg,619,kantong_plastik
test_620.jpg,620,kaleng
test_621.png,621,botol_aerosol
test_622.jpg,622,cangkang_telur
test_623.jpg,623,botol_aerosol
test_626.jpg,626,tablet_kapsul
test_627.jpg,627,cangkang_telur
test_628.jpg,628,tablet_kapsul
test_629.jpg,629,tablet_kapsul
test_630.jpg,630,tablet_kapsul
test_631.jpg,631,tablet_kapsul
test_632.png,632,cangkang_telur
test_633.jpg,633,botol_aerosol
test_634.jpg,634,cangkang_telur
test_635.jpg,635,cangkang_telur
test_636.png,636,botol_aerosol
test_637.png,637,botol_aerosol
test_638.jpg,638,baterai
test_639.jpg,639,botol_aerosol
test_640.jpg,640,tablet_kapsul
test_641.jpg,641,tablet_kapsul
test_642.jpg,642,botol_aerosol
test_643.jpg,643,botol_aerosol
test_644.png,644,botol_aerosol
test_645.jpg,645,cangkang_telur
test_646.jpg,646,botol_aerosol
test_647.jpg,647,kantong_plastik
test_648.png,648,botol_aerosol
test_649.jpg,649,botol_aerosol
test_650.jpg,650,kantong_plastik
test_651.jpg,651,tablet_kapsul
test_652.jpg,652,kaleng
test_653.jpg,653,sisa_makanan
test_654.jpg,654,cangkang_telur
test_655.jpg,655,cangkang_telur
test_656.jpg,656,bohlam
test_657.jpg,657,tablet_kapsul
test_658.jpg,658,cangkang_telur
test_659.jpg,659,kantong_plastik
test_660.jpg,660,botol_aerosol
test_662.jpg,662,cangkang_telur
test_663.jpg,663,botol_aerosol
test_665.jpg,665,sisa_makanan
test_666.jpg,666,botol_aerosol
test_669.jpg,669,kantong_plastik
test_670.jpg,670,bohlam
test_671.jpg,671,botol_aerosol
test_672.jpg,672,tablet_kapsul
test_673.jpg,673,tablet_kapsul
test_674.png,674,cangkang_telur
test_675.jpg,675,sisa_makanan
test_676.jpg,676,botol_aerosol
test_677.jpg,677,cangkang_telur
test_680.jpg,680,sisa_makanan
test_681.jpg,681,botol_aerosol
test_682.jpg,682,kantong_plastik
test_683.jpg,683,sisa_makanan
test_684.jpg,684,cangkang_telur
test_685.jpg,685,botol_aerosol
test_686.jpg,686,cangkang_telur
test_687.jpg,687,botol_aerosol
test_688.jpg,688,baterai
test_690.jpg,690,kantong_plastik
test_691.jpg,691,tissue
test_692.jpg,692,botol_aerosol
test_693.jpg,693,tablet_kapsul
test_694.jpg,694,botol_aerosol
test_695.jpg,695,tablet_kapsul
test_696.jpg,696,botol_aerosol
test_697.jpg,697,cangkang_telur
test_698.jpg,698,botol_aerosol
test_699.jpg,699,tablet_kapsul
test_700.jpg,700,baterai
test_701.jpg,701,kaleng
test_702.jpg,702,cangkang_telur
test_703.jpg,703,botol_aerosol
test_704.jpg,704,tissue
test_705.jpg,705,cangkang_telur
test_706.jpg,706,tablet_kapsul
test_707.jpg,707,botol_aerosol
test_710.jpg,710,kantong_plastik
test_711.jpg,711,botol_aerosol
test_712.jpg,712,botol_obat
test_713.jpg,713,tissue
test_714.jpg,714,botol_aerosol
test_715.jpg,715,bohlam
test_716.jpg,716,sisa_makanan
test_717.png,717,cangkang_telur
test_718.jpg,718,botol_aerosol
test_719.jpg,719,tissue
test_720.jpg,720,botol_aerosol
test_722.jpg,722,tablet_kapsul
test_723.jpg,723,kantong_plastik
test_724.jpg,724,bohlam
test_725.jpg,725,bohlam
test_726.jpg,726,botol_aerosol
test_727.jpg,727,tissue
test_728.jpg,728,kantong_plastik
test_729.jpg,729,cangkang_telur
test_730.jpg,730,tablet_kapsul
test_731.jpg,731,botol_aerosol
test_732.png,732,cangkang_telur
test_733.jpg,733,kantong_plastik
test_734.png,734,botol_aerosol
test_735.jpg,735,botol_aerosol
test_736.jpg,736,tablet_kapsul
test_737.png,737,botol_aerosol
test_738.jpg,738,botol_aerosol
test_739.png,739,cangkang_telur
test_740.jpg,740,kantong_plastik
test_741.jpg,741,tablet_kapsul
test_742.jpg,742,cangkang_telur
test_743.png,743,botol_aerosol
test_744.png,744,botol_aerosol
test_746.jpg,746,cangkang_telur
test_747.jpg,747,botol_aerosol
test_748.jpg,748,kantong_plastik
test_749.jpg,749,bohlam
test_750.jpg,750,baterai
test_751.jpg,751,botol_aerosol
test_752.jpg,752,kantong_plastik
test_753.jpg,753,tissue
test_754.jpg,754,botol_aerosol
test_755.jpg,755,baterai
test_756.jpg,756,botol_aerosol
test_757.png,757,cangkang_telur
test_758.jpg,758,botol_aerosol
test_759.jpg,759,tablet_kapsul
test_762.jpg,762,sisa_makanan
test_763.png,763,cangkang_telur
test_764.jpg,764,kardus
test_765.jpg,765,baterai
test_767.jpg,767,tablet_kapsul
test_768.png,768,botol_aerosol
test_769.jpg,769,botol_aerosol
test_770.jpg,770,tablet_kapsul
test_771.jpg,771,botol_aerosol
test_772.jpg,772,tablet_kapsul
test_773.jpg,773,kantong_plastik
test_774.jpg,774,cangkang_telur
test_775.jpg,775,cangkang_telur
test_776.png,776,botol_obat
test_777.jpg,777,cangkang_telur
test_778.png,778,botol_obat
test_779.jpg,779,kantong_plastik
test_780.jpg,780,sisa_makanan
test_781.jpg,781,botol_aerosol
test_782.jpg,782,cangkang_telur
test_783.jpg,783,cangkang_telur
test_784.jpg,784,botol_aerosol
test_785.jpg,785,sisa_makanan
test_786.jpg,786,botol_aerosol
test_787.jpg,787,kantong_plastik
test_788.jpg,788,botol_aerosol
test_789.jpg,789,cangkang_telur
test_790.jpg,790,sisa_makanan
test_791.jpg,791,sisa_makanan
test_792.jpg,792,baterai
test_793.png,793,botol_aerosol
test_794.png,794,botol_aerosol
test_795.jpg,795,baterai
test_796.jpg,796,tablet_kapsul
test_797.png,797,cangkang_telur
test_798.png,798,cangkang_telur
test_799.jpg,799,botol_aerosol
test_800.png,800,sisa_makanan
test_801.jpg,801,tablet_kapsul
test_802.jpg,802,tablet_kapsul
test_803.png,803,cangkang_telur
test_804.jpg,804,botol_aerosol
test_805.jpg,805,tablet_kapsul
test_806.jpg,806,tablet_kapsul
test_807.jpg,807,bohlam
test_808.jpg,808,tablet_kapsul
test_810.png,810,botol_aerosol
test_811.jpg,811,baterai
test_812.jpg,812,botol_aerosol
test_813.jpg,813,botol_aerosol
test_814.jpg,814,cangkang_telur
test_815.jpg,815,botol_aerosol
test_816.jpg,816,kantong_plastik
test_817.jpg,817,botol_aerosol
test_818.png,818,botol_aerosol
test_819.jpg,819,sisa_makanan
test_820.jpg,820,cangkang_telur
test_821.jpg,821,botol_aerosol
test_822.png,822,botol_aerosol
test_823.png,823,cangkang_telur
test_824.jpg,824,botol_aerosol
test_825.jpg,825,botol_aerosol
test_826.jpg,826,tablet_kapsul
test_827.jpg,827,cangkang_telur
test_828.jpg,828,tablet_kapsul
test_829.jpg,829,sisa_makanan
test_830.jpg,830,botol_aerosol
test_831.jpg,831,botol_aerosol
test_832.jpg,832,tablet_kapsul
test_833.png,833,botol_aerosol
test_834.jpg,834,kantong_plastik
test_835.jpg,835,cangkang_telur
test_836.jpg,836,tablet_kapsul
test_837.jpg,837,cangkang_telur
test_838.jpg,838,sisa_makanan
test_839.jpg,839,kantong_plastik
test_840.jpg,840,kantong_plastik
test_841.png,841,cangkang_telur
test_842.jpg,842,botol_aerosol
test_843.jpg,843,cangkang_telur
test_844.jpg,844,botol_aerosol
test_845.jpg,845,bohlam
test_846.jpg,846,botol_aerosol
test_847.jpg,847,baterai
test_848.jpg,848,cangkang_telur
test_849.jpg,849,baterai
test_850.jpg,850,tissue
test_851.jpg,851,sisa_makanan
test_852.jpg,852,baterai
test_853.jpg,853,cangkang_telur
test_855.jpg,855,botol_aerosol
test_856.jpg,856,baterai
test_857.jpg,857,cangkang_telur
test_858.jpg,858,botol_aerosol
test_859.jpg,859,tablet_kapsul
test_860.jpg,860,kantong_plastik
test_861.jpg,861,tissue
test_862.jpg,862,botol_aerosol
test_863.jpg,863,botol_aerosol
test_864.jpg,864,sisa_makanan
test_865.jpg,865,botol_aerosol
test_866.jpg,866,sisa_makanan
test_867.jpg,867,tablet_kapsul
test_869.jpg,869,botol_obat
test_870.png,870,baterai
test_871.jpg,871,cangkang_telur
test_872.jpg,872,sisa_makanan
test_873.png,873,cangkang_telur
test_874.jpg,874,botol_aerosol
test_876.jpg,876,tablet_kapsul
test_877.jpg,877,tablet_kapsul
test_878.jpg,878,bohlam
test_879.jpg,879,botol_aerosol
test_880.jpg,880,tablet_kapsul
test_881.jpg,881,bohlam
test_882.jpg,882,botol_aerosol
test_883.jpg,883,botol_aerosol
test_884.png,884,botol_aerosol
test_885.jpg,885,baterai
test_888.jpg,888,tablet_kapsul
test_889.jpg,889,botol_aerosol
test_890.jpg,890,tablet_kapsul
test_891.jpg,891,tablet_kapsul
test_893.jpg,893,tablet_kapsul
test_894.jpg,894,botol_aerosol
test_895.jpg,895,tablet_kapsul
test_897.jpg,897,kardus
test_898.jpg,898,tablet_kapsul
test_899.jpg,899,sisa_makanan
test_900.jpg,900,cangkang_telur
test_901.jpg,901,tablet_kapsul
test_902.jpg,902,baterai
test_903.jpg,903,kantong_plastik
test_904.jpg,904,cangkang_telur
test_905.jpg,905,cangkang_telur
test_907.jpg,907,bohlam
test_908.jpg,908,sisa_makanan
test_909.jpg,909,botol_aerosol
test_910.jpg,910,botol_aerosol
test_911.jpg,911,cangkang_telur
test_912.jpg,912,tablet_kapsul
test_913.png,913,botol_aerosol
test_914.jpg,914,cangkang_telur
test_915.jpg,915,cangkang_telur
test_916.jpg,916,tablet_kapsul
test_917.jpg,917,kantong_plastik
test_918.jpg,918,tablet_kapsul
test_919.jpg,919,botol_obat
test_920.png,920,cangkang_telur
test_921.jpg,921,botol_aerosol
test_922.jpg,922,botol_aerosol
test_923.jpg,923,tablet_kapsul
test_924.jpg,924,tablet_kapsul
test_927.jpg,927,tablet_kapsul
test_928.jpg,928,botol_aerosol
test_929.jpg,929,baterai
test_930.jpg,930,cangkang_telur
test_931.jpg,931,botol_aerosol
test_932.jpg,932,botol_aerosol
test_933.jpg,933,kantong_plastik
test_934.png,934,cangkang_telur
test_936.jpg,936,tablet_kapsul
test_937.jpg,937,botol_aerosol
test_938.jpg,938,sisa_makanan
test_939.jpg,939,tablet_kapsul
test_940.png,940,cangkang_telur
test_941.png,941,botol_aerosol
test_942.jpg,942,cangkang_telur
test_943.jpg,943,tablet_kapsul
test_944.jpg,944,tablet_kapsul
test_945.jpg,945,tablet_kapsul
test_946.png,946,botol_aerosol
test_947.jpg,947,botol_aerosol
test_948.jpg,948,tablet_kapsul
test_950.jpg,950,baterai
test_951.png,951,cangkang_telur
test_952.jpg,952,botol_aerosol
test_953.jpg,953,sisa_makanan
test_955.jpg,955,sisa_makanan
test_956.jpg,956,kantong_plastik
test_957.jpg,957,botol_aerosol
test_958.jpg,958,botol_aerosol
test_959.jpg,959,tablet_kapsul
test_960.jpg,960,baterai
test_961.jpg,961,tablet_kapsul
test_962.jpg,962,tablet_kapsul
test_963.jpg,963,baterai
test_964.jpg,964,botol_aerosol
test_965.jpg,965,botol_aerosol
test_966.jpg,966,tablet_kapsul
test_967.jpg,967,cangkang_telur
test_968.jpg,968,kantong_plastik
test_969.jpg,969,kantong_plastik
test_971.jpg,971,cangkang_telur
test_972.jpg,972,botol_aerosol
test_975.jpg,975,botol_aerosol
test_976.jpg,976,cangkang_telur
test_977.jpg,977,cangkang_telur
test_978.jpg,978,botol_aerosol
test_979.jpg,979,kantong_plastik
test_980.jpg,980,botol_aerosol
test_981.jpg,981,tissue
test_982.jpg,982,botol_aerosol
test_983.jpg,983,botol_aerosol
test_984.jpg,984,cangkang_telur
test_985.jpg,985,botol_obat
test_986.jpg,986,sisa_makanan
test_987.jpg,987,botol_aerosol
test_988.png,988,botol_aerosol
test_989.jpg,989,botol_aerosol
test_990.jpg,990,botol_aerosol
test_991.jpg,991,tablet_kapsul
test_993.jpg,993,baterai
test_994.jpg,994,cangkang_telur
test_995.jpg,995,botol_aerosol
test_996.png,996,botol_aerosol
test_997.jpg,997,kantong_plastik
test_998.jpg,998,kaleng
test_1000.jpg,1000,bohlam
test_1001.jpg,1001,pet
test_1002.jpg,1002,botol_aerosol
test_1003.jpg,1003,tablet_kapsul
test_1004.jpg,1004,botol_aerosol
test_1005.png,1005,kantong_plastik
test_1006.png,1006,cangkang_telur
test_1007.jpg,1007,tablet_kapsul
test_1008.jpg,1008,cangkang_telur
test_1009.jpg,1009,tablet_kapsul
test_1010.jpg,1010,cangkang_telur
test_1011.jpg,1011,kantong_plastik
test_1012.jpg,1012,kantong_plastik
test_1013.jpg,1013,botol_aerosol
test_1014.jpg,1014,tissue
test_1015.jpg,1015,sisa_makanan
test_1016.jpg,1016,kantong_plastik
test_1017.jpg,1017,tablet_kapsul
test_1018.jpg,1018,botol_aerosol
test_1019.png,1019,botol_aerosol
test_1020.png,1020,botol_aerosol
test_1021.jpg,1021,tablet_kapsul
test_1022.jpg,1022,botol_aerosol
test_1024.jpg,1024,cangkang_telur
test_1025.jpg,1025,botol_aerosol
test_1026.jpg,1026,botol_aerosol
test_1027.jpg,1027,botol_aerosol
test_1028.jpg,1028,cangkang_telur
test_1029.jpg,1029,tablet_kapsul
test_1030.jpg,1030,tablet_kapsul
test_1031.jpg,1031,kantong_plastik
test_1032.jpg,1032,sisa_makanan
test_1035.jpg,1035,tablet_kapsul
test_1036.jpg,1036,tablet_kapsul
test_1037.jpg,1037,kantong_plastik
test_1038.jpg,1038,botol_aerosol
test_1039.jpg,1039,tablet_kapsul
test_1040.jpg,1040,baterai
test_1041.jpg,1041,sisa_makanan
test_1042.jpg,1042,tablet_kapsul
test_1043.jpg,1043,tablet_kapsul
test_1044.jpg,1044,botol_aerosol
test_1045.jpg,1045,tablet_kapsul
test_1046.jpg,1046,baterai
test_1047.png,1047,botol_aerosol
test_1049.jpg,1049,botol_aerosol
test_1050.jpg,1050,sisa_makanan
test_1051.jpg,1051,tablet_kapsul
test_1053.jpg,1053,tablet_kapsul
test_1054.jpg,1054,botol_aerosol
test_1055.jpg,1055,cangkang_telur
test_1056.png,1056,botol_aerosol
test_1057.jpg,1057,botol_aerosol
test_1058.jpg,1058,baterai
test_1059.jpg,1059,tablet_kapsul
test_1060.jpg,1060,botol_aerosol
test_1061.jpg,1061,botol_aerosol
test_1062.jpg,1062,botol_aerosol
test_1063.jpg,1063,tablet_kapsul
test_1065.jpg,1065,baterai
test_1066.jpg,1066,botol_aerosol
test_1067.jpg,1067,kantong_plastik
test_1068.jpg,1068,tissue
test_1069.jpg,1069,sisa_makanan
test_1070.jpg,1070,botol_aerosol
test_1071.jpg,1071,baterai
test_1072.jpg,1072,tablet_kapsul
test_1073.png,1073,botol_aerosol
test_1074.jpg,1074,bohlam
test_1075.jpg,1075,kantong_plastik
test_1076.png,1076,botol_aerosol
test_1077.jpg,1077,tablet_kapsul
test_1078.jpg,1078,tablet_kapsul
test_1079.png,1079,botol_aerosol
test_1081.jpg,1081,botol_aerosol
test_1082.jpg,1082,botol_aerosol
test_1083.jpg,1083,botol_aerosol
test_1084.jpg,1084,cangkang_telur
test_1085.jpg,1085,cangkang_telur
test_1086.jpg,1086,cangkang_telur
test_1087.jpg,1087,botol_aerosol
test_1088.jpg,1088,kantong_plastik
test_1089.jpg,1089,tablet_kapsul
test_1090.jpg,1090,bohlam
test_1091.jpg,1091,botol_aerosol
test_1092.jpg,1092,cangkang_telur
test_1093.jpg,1093,tissue
test_1094.jpg,1094,tablet_kapsul
test_1095.png,1095,kantong_plastik
test_1096.jpg,1096,sisa_makanan
test_1097.jpg,1097,tablet_kapsul
test_1098.png,1098,botol_aerosol
test_1099.jpg,1099,sisa_makanan
test_1100.jpg,1100,botol_aerosol
test_1101.jpg,1101,botol_aerosol
test_1103.jpg,1103,botol_aerosol
test_1104.jpg,1104,sisa_makanan
test_1106.jpg,1106,baterai
test_1107.jpg,1107,botol_aerosol
test_1108.jpg,1108,baterai
test_1109.jpg,1109,botol_aerosol
test_1110.jpg,1110,tablet_kapsul
test_1111.jpg,1111,tablet_kapsul
test_1112.jpg,1112,botol_aerosol
test_1113.jpg,1113,botol_aerosol
test_1114.png,1114,botol_aerosol
test_1115.jpg,1115,bohlam
test_1116.jpg,1116,sisa_makanan
test_1117.png,1117,botol_aerosol
test_1118.jpg,1118,botol_aerosol
test_1119.png,1119,cangkang_telur
test_1120.png,1120,botol_aerosol
test_1121.png,1121,kantong_plastik
test_1122.jpg,1122,bohlam
test_1123.png,1123,cangkang_telur
test_1124.jpg,1124,baterai
test_1125.jpg,1125,botol_aerosol
test_1128.jpg,1128,botol_aerosol
test_1129.jpg,1129,botol_aerosol
test_1130.jpg,1130,botol_aerosol
test_1131.jpg,1131,botol_aerosol
test_1132.jpg,1132,baterai
test_1133.png,1133,cangkang_telur
test_1134.jpg,1134,tissue
test_1135.png,1135,cangkang_telur
test_1136.jpg,1136,termometer
test_1137.jpg,1137,tablet_kapsul
test_1138.jpg,1138,botol_aerosol
test_1139.jpg,1139,sisa_makanan
test_1140.jpg,1140,baterai
test_1141.png,1141,botol_aerosol
test_1142.jpg,1142,cangkang_telur
test_1143.png,1143,cangkang_telur
test_1144.jpg,1144,baterai
test_1145.jpg,1145,baterai
test_1146.jpg,1146,cangkang_telur
test_1147.jpg,1147,botol_aerosol
test_1148.jpg,1148,cangkang_telur
test_1149.jpg,1149,cangkang_telur
test_1150.jpg,1150,botol_aerosol
test_1151.jpg,1151,botol_aerosol
test_1152.jpg,1152,baterai
test_1153.jpg,1153,cangkang_telur
test_1154.jpg,1154,tablet_kapsul
test_1155.jpg,1155,kantong_plastik
test_1156.jpg,1156,cangkang_telur
test_1157.png,1157,botol_aerosol
test_1158.jpg,1158,botol_aerosol
test_1159.jpg,1159,tablet_kapsul
test_1160.jpg,1160,cangkang_telur
test_1161.jpg,1161,cangkang_telur
test_1162.jpg,1162,tablet_kapsul
test_1163.jpg,1163,botol_aerosol
test_1164.jpg,1164,botol_aerosol
test_1166.jpg,1166,botol_aerosol
test_1167.jpg,1167,tablet_kapsul
test_1168.jpg,1168,botol_aerosol
test_1169.jpg,1169,kantong_plastik
test_1170.jpg,1170,kantong_plastik
test_1171.jpg,1171,cangkang_telur
test_1172.jpg,1172,tablet_kapsul
test_1173.jpg,1173,baterai
test_1174.jpg,1174,botol_aerosol
test_1175.jpg,1175,botol_aerosol
test_1176.jpg,1176,cangkang_telur
test_1177.jpg,1177,kantong_plastik
test_1178.jpg,1178,sisa_makanan
test_1179.png,1179,botol_aerosol
test_1180.jpg,1180,baterai
test_1181.jpg,1181,tablet_kapsul
test_1182.jpg,1182,botol_aerosol
test_1183.jpg,1183,tablet_kapsul
test_1184.jpg,1184,baterai
test_1185.jpg,1185,botol_aerosol
test_1186.jpg,1186,tablet_kapsul
test_1187.jpg,1187,tablet_kapsul
test_1188.jpg,1188,sisa_makanan
test_1189.jpg,1189,bohlam
test_1190.jpg,1190,botol_aerosol
test_1191.jpg,1191,bohlam
test_1192.jpg,1192,sisa_makanan
test_1193.jpg,1193,cangkang_telur
test_1194.jpg,1194,cangkang_telur
test_1195.jpg,1195,botol_aerosol
test_1196.png,1196,botol_aerosol
test_1197.png,1197,kantong_plastik
test_1198.jpg,1198,baterai
test_1199.jpg,1199,tissue
test_1200.jpg,1200,tablet_kapsul
test_1201.jpg,1201,tablet_kapsul
test_1202.jpg,1202,cangkang_telur
test_1203.png,1203,botol_aerosol
test_1204.jpg,1204,baterai
test_1205.jpg,1205,sisa_makanan
test_1206.jpg,1206,tablet_kapsul
test_1207.png,1207,botol_aerosol
test_1208.jpg,1208,botol_aerosol
test_1210.jpg,1210,cangkang_telur
test_1211.jpg,1211,cangkang_telur
test_1213.jpg,1213,cangkang_telur
test_1215.jpg,1215,botol_aerosol
test_1216.jpg,1216,kantong_plastik
test_1217.jpg,1217,sisa_makanan
test_1218.jpg,1218,tablet_kapsul
test_1219.jpg,1219,cangkang_telur
test_1220.jpg,1220,sisa_makanan
test_1221.jpg,1221,tablet_kapsul
test_1222.jpg,1222,botol_aerosol
test_1223.png,1223,cangkang_telur
test_1224.jpg,1224,botol_aerosol
test_1225.jpeg,1225,tablet_kapsul
test_1226.jpg,1226,botol_aerosol
test_1227.jpg,1227,botol_obat
test_1228.jpg,1228,cangkang_telur
test_1229.jpg,1229,sisa_makanan
test_1230.jpg,1230,tablet_kapsul
test_1231.jpg,1231,kantong_plastik
test_1232.jpg,1232,botol_aerosol
test_1234.jpg,1234,kantong_plastik
test_1235.jpg,1235,sisa_makanan
test_1236.jpg,1236,botol_aerosol
test_1237.jpg,1237,botol_aerosol
test_1238.jpg,1238,tablet_kapsul
test_1239.png,1239,botol_aerosol
test_1240.jpg,1240,kantong_plastik
test_1241.jpg,1241,sisa_makanan
test_1242.jpg,1242,sisa_makanan
test_1243.jpg,1243,kantong_plastik
test_1244.jpg,1244,botol_aerosol
test_1245.png,1245,botol_aerosol
test_1246.jpg,1246,botol_aerosol
test_1247.jpg,1247,cangkang_telur
test_1249.jpg,1249,tablet_kapsul
test_1250.jpg,1250,botol_aerosol
test_1251.jpg,1251,tablet_kapsul
test_1252.jpg,1252,tablet_kapsul
test_1253.jpg,1253,tablet_kapsul
test_1254.jpg,1254,kantong_plastik
test_1256.jpg,1256,tablet_kapsul
test_1257.png,1257,cangkang_telur
test_1258.jpg,1258,botol_aerosol
test_1259.jpg,1259,tablet_kapsul
test_1260.jpg,1260,kantong_plastik
test_1261.jpg,1261,baterai
test_1262.jpg,1262,botol_aerosol
test_1263.jpg,1263,bohlam
test_1264.jpg,1264,tablet_kapsul
test_1265.png,1265,botol_aerosol
test_1266.png,1266,cangkang_telur
test_1267.jpg,1267,cangkang_telur
test_1268.jpg,1268,baterai
test_1270.png,1270,botol_aerosol
test_1271.png,1271,cangkang_telur
test_1272.jpg,1272,botol_aerosol
test_1273.jpg,1273,botol_aerosol
test_1274.jpg,1274,tablet_kapsul
test_1275.jpg,1275,baterai
test_1276.jpg,1276,botol_aerosol
test_1277.jpg,1277,kantong_plastik
test_1278.jpg,1278,tablet_kapsul
test_1279.jpg,1279,cangkang_telur
test_1281.jpg,1281,botol_aerosol
test_1282.jpg,1282,botol_aerosol
test_1283.jpg,1283,cangkang_telur
test_1284.jpg,1284,cangkang_telur
test_1285.jpg,1285,kantong_plastik
test_1286.jpg,1286,botol_aerosol
test_1287.jpg,1287,tablet_kapsul
test_1288.jpg,1288,cangkang_telur
test_1289.png,1289,cangkang_telur
test_1290.jpg,1290,baterai
test_1291.png,1291,sisa_makanan
test_1293.jpg,1293,tablet_kapsul
test_1294.jpg,1294,tissue
test_1295.jpg,1295,kantong_plastik
test_1296.jpg,1296,cangkang_telur
test_1297.jpg,1297,botol_aerosol
test_1298.png,1298,cangkang_telur
test_1299.png,1299,botol_aerosol
test_1301.png,1301,botol_aerosol
test_1302.jpg,1302,cangkang_telur
test_1303.jpg,1303,tablet_kapsul
test_1304.jpg,1304,botol_aerosol
test_1305.png,1305,cangkang_telur
test_1306.jpg,1306,tablet_kapsul
test_1307.png,1307,botol_aerosol
test_1308.png,1308,botol_aerosol
test_1309.jpg,1309,kantong_plastik
test_1310.jpg,1310,tablet_kapsul
test_1311.jpg,1311,botol_obat
test_1312.jpg,1312,tablet_kapsul
test_1313.jpg,1313,sisa_makanan
test_1314.jpg,1314,cangkang_telur
test_1315.jpg,1315,sisa_makanan
test_1316.jpg,1316,sisa_makanan
test_1317.jpg,1317,cangkang_telur
test_1318.jpg,1318,tissue
test_1319.jpg,1319,tablet_kapsul
test_1320.jpg,1320,tablet_kapsul
test_1321.jpg,1321,tablet_kapsul
test_1322.jpg,1322,botol_aerosol
test_1323.jpg,1323,sisa_makanan
test_1325.jpg,1325,sisa_makanan
test_1326.jpg,1326,cangkang_telur
test_1328.jpg,1328,bohlam
test_1330.jpg,1330,tablet_kapsul
test_1331.jpg,1331,sisa_makanan
test_1332.jpg,1332,sisa_makanan
test_1333.jpg,1333,tablet_kapsul
test_1334.jpg,1334,kantong_plastik
test_1335.jpg,1335,baterai
test_1336.jpg,1336,cangkang_telur
test_1337.png,1337,botol_aerosol
test_1338.jpg,1338,tablet_kapsul
test_1339.jpg,1339,sisa_makanan
test_1340.jpg,1340,botol_aerosol
test_1341.png,1341,botol_aerosol
test_1342.jpg,1342,botol_aerosol
test_1343.jpg,1343,tablet_kapsul
test_1344.jpg,1344,botol_aerosol
test_1345.jpg,1345,tablet_kapsul
test_1346.jpg,1346,baterai
test_1347.jpg,1347,tablet_kapsul
test_1348.jpg,1348,botol_aerosol
test_1349.jpg,1349,botol_aerosol
test_1350.jpg,1350,bohlam
test_1351.jpg,1351,sisa_makanan
test_1352.jpg,1352,sisa_makanan
test_1353.png,1353,botol_aerosol
test_1354.jpg,1354,cangkang_telur
test_1356.jpg,1356,tissue
test_1357.jpg,1357,botol_aerosol
test_1358.png,1358,botol_aerosol
test_1359.png,1359,botol_aerosol
test_1360.jpg,1360,baterai
test_1361.jpg,1361,tablet_kapsul
test_1362.jpg,1362,cangkang_telur
test_1363.jpg,1363,kantong_plastik
test_1364.jpg,1364,kantong_plastik
test_1365.jpg,1365,botol_aerosol
test_1366.jpg,1366,tablet_kapsul
test_1367.jpg,1367,baterai
test_1368.jpg,1368,botol_aerosol
test_1369.jpg,1369,sisa_makanan
test_1370.jpg,1370,botol_aerosol
test_1371.jpg,1371,botol_aerosol
test_1372.jpg,1372,sisa_makanan
test_1373.jpg,1373,botol_aerosol
test_1374.jpg,1374,cangkang_telur
test_1375.jpg,1375,kaleng
test_1377.jpg,1377,botol_aerosol
test_1378.jpg,1378,kantong_plastik
test_1379.jpg,1379,baterai
test_1380.jpg,1380,sisa_makanan
test_1381.jpg,1381,cangkang_telur
test_1382.jpg,1382,cangkang_telur
test_1383.jpg,1383,botol_aerosol
test_1384.jpg,1384,cangkang_telur
test_1385.jpg,1385,cangkang_telur
test_1386.jpg,1386,sisa_makanan
test_1387.jpg,1387,baterai
test_1388.jpg,1388,tablet_kapsul
test_1389.jpg,1389,kaleng
test_1390.jpg,1390,kantong_plastik
test_1391.jpg,1391,sisa_makanan
test_1392.jpg,1392,botol_aerosol
test_1393.jpg,1393,tablet_kapsul
test_1394.jpg,1394,tablet_kapsul
test_1395.jpg,1395,tablet_kapsul
test_1396.jpg,1396,botol_aerosol
test_1397.jpg,1397,kantong_plastik
test_1398.jpg,1398,tissue
test_1399.jpg,1399,tablet_kapsul
test_1400.jpg,1400,bohlam
test_1401.jpg,1401,botol_aerosol
test_1402.jpg,1402,cangkang_telur
test_1403.jpg,1403,botol_aerosol
test_1404.jpg,1404,kantong_plastik
test_1405.jpg,1405,sisa_makanan
test_1407.jpg,1407,tablet_kapsul
test_1408.jpg,1408,cangkang_telur
test_1410.jpg,1410,kantong_plastik
test_1411.jpg,1411,tablet_kapsul
test_1412.jpg,1412,botol_aerosol
test_1413.jpg,1413,sisa_makanan
test_1415.png,1415,botol_aerosol
test_1416.jpg,1416,botol_aerosol
test_1417.png,1417,botol_aerosol
test_1418.jpg,1418,botol_aerosol
test_1419.jpg,1419,tablet_kapsul
test_1421.jpg,1421,kantong_plastik
test_1422.png,1422,cangkang_telur
test_1423.jpg,1423,tablet_kapsul
test_1424.jpg,1424,botol_aerosol
test_1425.jpg,1425,tablet_kapsul
test_1426.jpg,1426,cangkang_telur
test_1427.jpg,1427,bohlam
test_1428.jpg,1428,tablet_kapsul
test_1429.png,1429,botol_obat
test_1430.jpg,1430,botol_aerosol
test_1431.jpg,1431,tablet_kapsul
test_1432.png,1432,botol_aerosol
test_1433.jpg,1433,tissue
test_1434.jpg,1434,tablet_kapsul
test_1435.jpg,1435,tablet_kapsul
test_1436.png,1436,botol_aerosol
test_1437.jpg,1437,cangkang_telur
test_1438.jpg,1438,cangkang_telur
test_1439.jpg,1439,sisa_makanan
test_1440.png,1440,cangkang_telur
test_1441.jpg,1441,cangkang_telur
test_1442.jpg,1442,botol_aerosol
test_1443.jpg,1443,sisa_makanan
test_1444.jpg,1444,botol_aerosol
test_1445.jpg,1445,tablet_kapsul
test_1446.jpg,1446,botol_aerosol
test_1447.jpg,1447,sisa_makanan
test_1448.jpg,1448,botol_aerosol
test_1449.jpg,1449,sisa_makanan
test_1450.jpg,1450,sisa_makanan
test_1451.jpg,1451,cangkang_telur
test_1452.jpg,1452,tablet_kapsul
test_1453.jpg,1453,sisa_makanan
test_1454.jpg,1454,botol_aerosol
test_1455.jpg,1455,baterai
test_1456.jpg,1456,tablet_kapsul
test_1457.jpg,1457,tablet_kapsul
test_1458.jpg,1458,cangkang_telur
test_1459.jpg,1459,botol_aerosol
test_1460.jpg,1460,tablet_kapsul
test_1461.jpg,1461,tablet_kapsul
test_1462.jpg,1462,botol_aerosol
test_1463.png,1463,cangkang_telur
test_1464.jpg,1464,botol_aerosol
test_1466.jpg,1466,tablet_kapsul
test_1467.jpg,1467,sisa_makanan
test_1469.jpg,1469,botol_aerosol
test_1470.jpg,1470,baterai
test_1471.jpg,1471,tablet_kapsul
test_1472.jpg,1472,botol_aerosol
test_1473.jpg,1473,tablet_kapsul
test_1474.jpg,1474,tissue
test_1475.jpg,1475,sisa_makanan
test_1476.png,1476,cangkang_telur
test_1477.jpg,1477,sisa_makanan
test_1478.jpg,1478,bohlam
test_1479.jpg,1479,baterai
test_1480.jpg,1480,botol_aerosol
test_1481.jpg,1481,tablet_kapsul
test_1482.jpg,1482,botol_aerosol
test_1483.png,1483,cangkang_telur
test_1484.jpg,1484,cangkang_telur
test_1485.jpg,1485,baterai
test_1486.jpg,1486,cangkang_telur
test_1487.jpg,1487,tablet_kapsul
test_1488.png,1488,cangkang_telur
test_1489.jpg,1489,kantong_plastik
test_1490.jpg,1490,botol_aerosol
test_1491.jpg,1491,botol_aerosol
test_1492.jpg,1492,botol_aerosol
test_1493.jpg,1493,tablet_kapsul
test_1494.jpg,1494,botol_aerosol
test_1496.jpg,1496,cangkang_telur
test_1498.jpg,1498,tablet_kapsul
test_1499.jpg,1499,sisa_makanan
test_1500.jpg,1500,tablet_kapsul
test_1501.jpg,1501,tablet_kapsul
test_1502.jpeg,1502,baterai
test_1503.jpg,1503,kantong_plastik
test_1505.jpg,1505,sisa_makanan
test_1506.jpg,1506,sisa_makanan
test_1507.jpg,1507,tissue
test_1508.jpg,1508,sisa_makanan
test_1509.jpg,1509,cangkang_telur
test_1510.jpg,1510,tablet_kapsul
test_1511.jpg,1511,sisa_makanan
test_1512.jpg,1512,tablet_kapsul
test_1513.jpg,1513,tablet_kapsul
test_1514.jpg,1514,tablet_kapsul
test_1515.jpg,1515,cangkang_telur
test_1516.jpg,1516,tablet_kapsul
test_1517.jpg,1517,kantong_plastik
test_1518.jpg,1518,baterai
test_1519.jpg,1519,tablet_kapsul
test_1520.jpg,1520,tablet_kapsul
test_1522.jpg,1522,baterai
test_1523.jpg,1523,cangkang_telur
test_1524.jpg,1524,baterai
test_1525.jpg,1525,baterai
test_1526.jpg,1526,botol_aerosol
test_1527.jpg,1527,kantong_plastik
test_1528.png,1528,cangkang_telur
test_1529.jpg,1529,botol_obat
test_1530.jpg,1530,cangkang_telur
test_1531.jpg,1531,botol_aerosol
test_1532.jpg,1532,tablet_kapsul
test_1533.jpg,1533,botol_aerosol
test_1534.png,1534,cangkang_telur
test_1535.jpg,1535,tablet_kapsul
test_1536.png,1536,cangkang_telur
test_1537.jpg,1537,tablet_kapsul
test_1538.png,1538,sisa_makanan
test_1539.png,1539,botol_aerosol
test_1540.jpg,1540,tablet_kapsul
test_1541.png,1541,botol_aerosol
test_1543.jpg,1543,botol_aerosol
test_1545.png,1545,botol_aerosol
test_1546.jpg,1546,baterai
test_1547.jpg,1547,sisa_makanan
test_1548.jpg,1548,cangkang_telur
test_1549.jpg,1549,cangkang_telur
test_1550.jpg,1550,tissue
test_1552.png,1552,cangkang_telur
test_1553.jpg,1553,cangkang_telur
test_1554.jpg,1554,tablet_kapsul
test_1555.jpg,1555,tablet_kapsul
test_1556.jpg,1556,tablet_kapsul
test_1557.jpg,1557,cangkang_telur
test_1558.jpg,1558,botol_aerosol
test_1559.jpg,1559,botol_aerosol
test_1561.jpg,1561,tablet_kapsul
test_1562.jpg,1562,cangkang_telur
test_1563.png,1563,cangkang_telur
test_1564.jpg,1564,sisa_makanan
test_1565.jpg,1565,botol_aerosol
test_1566.png,1566,botol_aerosol
test_1567.jpg,1567,tablet_kapsul
test_1568.jpg,1568,sisa_makanan
test_1569.jpg,1569,cangkang_telur
test_1570.jpg,1570,kantong_plastik
test_1571.jpg,1571,tablet_kapsul
test_1572.jpg,1572,baterai
test_1574.jpg,1574,sisa_makanan
test_1575.jpg,1575,tablet_kapsul
test_1576.jpg,1576,sisa_makanan
test_1577.jpg,1577,kantong_plastik
test_1578.jpg,1578,botol_aerosol
test_1579.jpg,1579,kantong_plastik
test_1580.jpg,1580,botol_aerosol
test_1581.jpg,1581,sisa_makanan
test_1582.jpg,1582,botol_aerosol
test_1583.png,1583,botol_aerosol
test_1584.jpg,1584,botol_aerosol
test_1585.jpg,1585,cangkang_telur
test_1586.jpg,1586,sisa_makanan
test_1587.jpg,1587,tablet_kapsul
test_1588.jpg,1588,tablet_kapsul
test_1590.jpg,1590,botol_aerosol
test_1591.jpg,1591,kantong_plastik
test_1592.jpg,1592,bohlam
test_1593.jpg,1593,botol_aerosol
test_1594.jpg,1594,botol_aerosol
test_1595.jpg,1595,botol_aerosol
test_1596.png,1596,botol_aerosol
test_1597.jpg,1597,sisa_makanan
test_1598.jpg,1598,baterai
test_1599.jpg,1599,botol_aerosol
test_1600.png,1600,cangkang_telur
test_1601.jpg,1601,tablet_kapsul
test_1602.jpg,1602,botol_obat
test_1603.jpg,1603,cangkang_telur
test_1604.jpg,1604,cangkang_telur
test_1606.jpg,1606,botol_aerosol
test_1607.jpg,1607,tablet_kapsul
test_1608.jpg,1608,botol_aerosol
test_1609.jpg,1609,botol_aerosol
test_1610.jpg,1610,sisa_makanan
test_1611.png,1611,cangkang_telur
test_1612.jpg,1612,botol_aerosol
test_1613.jpg,1613,tablet_kapsul
test_1614.jpg,1614,cangkang_telur
test_1615.jpg,1615,kantong_plastik
test_1616.jpg,1616,cangkang_telur
test_1617.png,1617,kantong_plastik
test_1618.png,1618,botol_aerosol
test_1619.jpg,1619,tissue
test_1620.jpg,1620,tablet_kapsul
test_1621.jpg,1621,botol_obat
test_1622.jpg,1622,tissue
test_1623.jpg,1623,botol_aerosol
test_1624.jpg,1624,baterai
test_1625.jpg,1625,tablet_kapsul
test_1626.jpg,1626,kantong_plastik
test_1627.jpg,1627,baterai
test_1628.jpg,1628,botol_aerosol
test_1629.jpg,1629,botol_aerosol
test_1630.jpg,1630,tablet_kapsul
test_1631.jpg,1631,baterai
test_1632.jpg,1632,botol_aerosol
test_1633.jpg,1633,botol_aerosol
test_1634.jpg,1634,tablet_kapsul
test_1635.jpg,1635,kaleng
test_1636.jpg,1636,sisa_makanan
test_1638.jpg,1638,botol_aerosol
test_1639.png,1639,botol_aerosol
test_1641.png,1641,cangkang_telur
test_1642.jpg,1642,botol_aerosol
test_1643.jpg,1643,kantong_plastik
test_1644.jpg,1644,tablet_kapsul
test_1645.jpg,1645,botol_aerosol
test_1646.jpg,1646,cangkang_telur
test_1647.jpg,1647,baterai
test_1648.jpg,1648,tablet_kapsul
test_1649.jpg,1649,tablet_kapsul
test_1650.jpg,1650,kantong_plastik
test_1651.png,1651,sisa_makanan
test_1652.png,1652,botol_aerosol
test_1653.jpg,1653,tablet_kapsul
test_1654.jpg,1654,kantong_plastik
test_1655.jpg,1655,sisa_makanan
test_1656.jpg,1656,cangkang_telur
test_1657.jpg,1657,cangkang_telur
test_1658.jpg,1658,kantong_plastik
test_1659.jpg,1659,cangkang_telur
test_1661.jpg,1661,bohlam
test_1662.jpg,1662,botol_aerosol
test_1663.jpg,1663,botol_aerosol
test_1664.jpg,1664,botol_aerosol
test_1665.jpg,1665,kantong_plastik
test_1666.png,1666,cangkang_telur
test_1667.jpg,1667,kantong_plastik
test_1668.jpg,1668,tablet_kapsul
test_1669.jpg,1669,tablet_kapsul
test_1670.jpg,1670,tablet_kapsul
test_1671.png,1671,kantong_plastik
test_1672.jpg,1672,botol_aerosol
test_1673.jpg,1673,botol_aerosol
test_1674.jpg,1674,sisa_makanan
test_1675.jpg,1675,botol_aerosol
test_1676.png,1676,cangkang_telur
test_1677.jpg,1677,tablet_kapsul
test_1678.png,1678,botol_aerosol
test_1679.png,1679,cangkang_telur
test_1680.jpg,1680,botol_aerosol
test_1681.jpg,1681,tablet_kapsul
test_1682.jpg,1682,botol_aerosol
test_1683.png,1683,cangkang_telur
test_1684.jpg,1684,cangkang_telur
test_1685.png,1685,botol_aerosol
test_1686.jpg,1686,tablet_kapsul
test_1687.jpg,1687,cangkang_telur
test_1688.jpg,1688,baterai
test_1689.jpg,1689,tissue
test_1690.jpg,1690,sisa_makanan
test_1691.jpg,1691,tissue
test_1692.jpg,1692,botol_aerosol
test_1693.png,1693,botol_aerosol
test_1694.jpg,1694,botol_aerosol
test_1695.jpg,1695,cangkang_telur
test_1696.jpg,1696,cangkang_telur
test_1697.jpg,1697,tablet_kapsul
test_1698.jpg,1698,bohlam
test_1699.jpg,1699,kantong_plastik
test_1700.jpg,1700,tablet_kapsul
test_1701.jpg,1701,sisa_makanan
test_1702.png,1702,botol_aerosol
test_1703.png,1703,botol_aerosol
test_1704.jpg,1704,botol_aerosol
test_1705.jpg,1705,cangkang_telur
test_1706.jpg,1706,baterai
test_1709.png,1709,cangkang_telur
test_1710.jpg,1710,cangkang_telur
test_1711.jpg,1711,tablet_kapsul
test_1712.jpg,1712,tablet_kapsul
test_1713.png,1713,kantong_plastik
test_1714.jpg,1714,botol_aerosol
test_1715.jpg,1715,botol_aerosol
test_1717.jpg,1717,bohlam
test_1718.jpg,1718,cangkang_telur
test_1719.jpg,1719,tablet_kapsul
test_1720.jpg,1720,tablet_kapsul
test_1721.jpg,1721,bohlam
test_1722.jpg,1722,tablet_kapsul
test_1723.jpg,1723,botol_aerosol
test_1724.jpg,1724,sisa_makanan
test_1725.jpg,1725,kantong_plastik
test_1727.png,1727,baterai
test_1729.png,1729,botol_aerosol
test_1730.jpg,1730,tablet_kapsul
test_1731.jpg,1731,tablet_kapsul
test_1732.jpg,1732,tablet_kapsul
test_1733.jpg,1733,cangkang_telur
test_1734.jpg,1734,cangkang_telur
test_1735.png,1735,botol_aerosol
test_1736.jpg,1736,kantong_plastik
test_1737.jpg,1737,tablet_kapsul
test_1738.jpg,1738,botol_aerosol
test_1740.jpg,1740,cangkang_telur
test_1741.jpg,1741,cangkang_telur
test_1742.jpg,1742,botol_aerosol
test_1743.jpg,1743,botol_aerosol
test_1744.jpg,1744,cangkang_telur
test_1745.jpg,1745,cangkang_telur
test_1746.jpg,1746,cangkang_telur
test_1747.jpg,1747,cangkang_telur
test_1748.jpg,1748,botol_aerosol
test_1749.jpg,1749,cangkang_telur
test_1750.png,1750,cangkang_telur
test_1751.png,1751,cangkang_telur
test_1752.jpg,1752,tablet_kapsul
test_1753.jpg,1753,baterai
test_1754.jpg,1754,botol_aerosol
test_1755.jpg,1755,botol_aerosol
test_1756.jpg,1756,botol_aerosol
test_1757.jpg,1757,kantong_plastik
test_1758.jpg,1758,botol_aerosol
test_1759.jpg,1759,tablet_kapsul
test_1760.jpg,1760,tablet_kapsul
test_1761.jpg,1761,botol_aerosol
test_1762.jpg,1762,baterai
test_1763.jpg,1763,cangkang_telur
test_1764.jpg,1764,botol_aerosol
test_1765.jpg,1765,botol_aerosol
test_1766.jpg,1766,baterai
test_1768.jpg,1768,cangkang_telur
