file_name,label
test_1.jpg,tablet_kapsul
test_2.JPG,sisa_makanan
test_3.png,botol_aerosol
test_4.jpg,kantong_plastik
test_5.JPG,sisa_makanan
test_6.jpg,botol_aerosol
test_7.jpg,tablet_kapsul
test_8.jpg,sisa_makanan
test_9.jpg,baterai
test_10.jpg,cangkang_telur
test_11.jpg,tablet_kapsul
test_12.jpg,sisa_makanan
test_13.JPG,kantong_plastik
test_14.png,cangkang_telur
test_15.jpg,cangkang_telur
test_16.jpg,sisa_makanan
test_17.JPG,sisa_makanan
test_18.jpg,botol_aerosol
test_19.png,botol_aerosol
test_20.jpg,botol_aerosol
test_21.jpg,tablet_kapsul
test_22.jpg,cangkang_telur
test_23.jpg,botol_aerosol
test_24.jpg,cangkang_telur
test_25.JPG,cangkang_telur
test_26.jpg,tablet_kapsul
test_27.jpg,tablet_kapsul
test_28.jpg,tablet_kapsul
test_29.jpg,botol_aerosol
test_30.jpg,botol_aerosol
test_31.jpg,botol_aerosol
test_32.jpg,botol_aerosol
test_33.png,cangkang_telur
test_34.jpg,sisa_makanan
test_35.jpg,botol_aerosol
test_36.jpg,botol_aerosol
test_37.JPG,kantong_plastik
test_38.jpg,tablet_kapsul
test_39.jpg,cangkang_telur
test_40.jpg,sisa_makanan
test_41.jpg,tablet_kapsul
test_42.jpg,botol_aerosol
test_43.jpg,kantong_plastik
test_44.jpg,tablet_kapsul
test_45.jpg,cangkang_telur
test_46.jpg,cangkang_telur
test_47.png,bohlam
test_48.png,cangkang_telur
test_49.jpg,botol_aerosol
test_50.jpg,cangkang_telur
test_51.jpg,baterai
test_52.png,botol_aerosol
test_53.jpg,kantong_plastik
test_54.jpg,botol_aerosol
test_55.jpg,cangkang_telur
test_56.png,botol_aerosol
test_57.jpg,baterai
test_58.jpg,tablet_kapsul
test_59.jpg,kantong_plastik
test_60.png,cangkang_telur
test_61.jpg,tablet_kapsul
test_62.JPG,baterai
test_63.jpg,tablet_kapsul
test_64.jpg,botol_aerosol
test_65.jpg,kantong_plastik
test_66.png,botol_aerosol
test_67.jpg,kantong_plastik
test_68.jpeg,botol_aerosol
test_69.jpg,botol_aerosol
test_70.jpg,cangkang_telur
test_71.jpg,tablet_kapsul
test_72.jpg,botol_aerosol
test_73.jpg,cangkang_telur
test_74.jpg,botol_aerosol
test_75.jpg,kantong_plastik
test_76.jpg,botol_aerosol
test_77.jpg,pet
test_78.jpg,tablet_kapsul
test_79.JPG,cangkang_telur
test_80.jpg,tablet_kapsul
test_81.jpg,sisa_makanan
test_82.jpg,kantong_plastik
test_83.jpg,tablet_kapsul
test_84.jpg,botol_aerosol
test_85.jpg,botol_aerosol
test_86.png,baterai
test_87.jpg,botol_aerosol
test_88.jpg,tissue
test_89.jpg,botol_aerosol
test_90.jpg,kantong_plastik
test_91.jpg,botol_aerosol
test_92.jpg,tablet_kapsul
test_93.jpg,tissue
test_94.png,botol_aerosol
test_95.jpg,cangkang_telur
test_96.jpg,botol_aerosol
test_97.jpg,cangkang_telur
test_98.jpg,baterai
test_99.jpg,botol_aerosol
test_100.jpg,botol_aerosol
test_101.jpg,botol_aerosol
test_102.jpg,cangkang_telur
test_103.jpg,sisa_makanan
test_104.jpg,botol_aerosol
test_105.jpg,cangkang_telur
test_106.jpg,botol_aerosol
test_107.JPG,kantong_plastik
test_108.jpg,tablet_kapsul
test_109.png,cangkang_telur
test_110.jpg,botol_aerosol
test_111.jpg,tablet_kapsul
test_112.jpg,sisa_makanan
test_113.jpg,kantong_plastik
test_114.png,botol_aerosol
test_115.jpg,baterai
test_116.jpg,tablet_kapsul
test_117.jpg,botol_aerosol
test_118.jpg,tablet_kapsul
test_119.jpg,sisa_makanan
test_120.jpg,bohlam
test_121.jpg,botol_aerosol
test_122.png,cangkang_telur
test_123.jpg,tablet_kapsul
test_124.JPG,sisa_makanan
test_125.jpg,botol_aerosol
test_126.jpg,baterai
test_127.jpg,cangkang_telur
test_128.jpg,botol_aerosol
test_129.png,botol_aerosol
test_130.jpg,botol_aerosol
test_131.jpg,botol_aerosol
test_132.jpg,botol_aerosol
test_133.jpg,tablet_kapsul
test_134.jpg,tablet_kapsul
test_135.jpg,sisa_makanan
test_136.jpg,botol_aerosol
test_137.jpg,tablet_kapsul
test_138.jpg,sisa_makanan
test_139.jpg,cangkang_telur
test_140.jpg,cangkang_telur
test_141.png,botol_aerosol
test_142.jpg,botol_aerosol
test_143.jpg,botol_aerosol
test_144.jpg,botol_aerosol
test_145.png,botol_aerosol
test_146.jpg,botol_aerosol
test_147.jpg,tissue
test_148.jpg,tablet_kapsul
test_149.jpg,tablet_kapsul
test_150.jpg,kantong_plastik
test_151.jpg,sisa_makanan
test_152.jpg,sisa_makanan
test_153.jpg,botol_aerosol
test_154.jpg,botol_aerosol
test_155.jpg,botol_aerosol
test_156.png,botol_aerosol
test_157.jpg,tablet_kapsul
test_158.JPG,cangkang_telur
test_159.png,botol_aerosol
test_160.png,kardus
test_161.jpg,sisa_makanan
test_162.jpg,botol_aerosol
test_163.JPG,cangkang_telur
test_164.jpg,baterai
test_165.jpg,tablet_kapsul
test_166.jpg,tablet_kapsul
test_167.jpg,kantong_plastik
test_168.JPG,sisa_makanan
test_169.jpg,sisa_makanan
test_170.jpg,cangkang_telur
test_171.jpg,tablet_kapsul
test_172.jpg,cangkang_telur
test_173.jpg,tissue
test_174.jpg,cangkang_telur
test_175.jpg,kantong_plastik
test_176.jpg,baterai
test_177.jpg,botol_aerosol
test_178.jpg,tablet_kapsul
test_179.jpg,botol_aerosol
test_180.jpg,kantong_plastik
test_181.jpg,botol_aerosol
test_182.jpg,botol_aerosol
test_183.jpg,cangkang_telur
test_184.png,botol_aerosol
test_185.jpg,tablet_kapsul
test_186.jpg,botol_aerosol
test_187.jpg,cangkang_telur
test_188.jpg,botol_aerosol
test_189.jpg,tablet_kapsul
test_190.jpg,kantong_plastik
test_191.jpg,tablet_kapsul
test_192.jpg,sisa_makanan
test_193.jpg,kantong_plastik
test_194.jpg,botol_aerosol
test_195.jpg,botol_aerosol
test_196.png,tablet_kapsul
test_197.png,botol_aerosol
test_198.jpg,sisa_makanan
test_199.JPG,tablet_kapsul
test_200.JPG,sisa_makanan
test_201.jpg,cangkang_telur
test_202.jpg,tissue
test_203.jpg,tablet_kapsul
test_204.JPG,tablet_kapsul
test_205.jpg,botol_aerosol
test_206.jpg,botol_aerosol
test_207.jpg,tissue
test_208.jpg,sisa_makanan
test_209.JPG,tablet_kapsul
test_210.png,botol_aerosol
test_211.jpg,sisa_makanan
test_212.jpg,tablet_kapsul
test_213.jpg,tablet_kapsul
test_214.jpg,baterai
test_215.JPG,tablet_kapsul
test_216.jpg,tablet_kapsul
test_217.jpg,sisa_makanan
test_218.jpg,botol_aerosol
test_219.jpg,botol_aerosol
test_220.jpg,kantong_plastik
test_221.jpg,tablet_kapsul
test_222.jpg,tablet_kapsul
test_223.jpg,bohlam
test_224.jpg,cangkang_telur
test_225.jpg,tablet_kapsul
test_226.jpg,tablet_kapsul
test_227.jpg,bohlam
test_228.jpg,tablet_kapsul
test_229.jpg,botol_aerosol
test_230.png,cangkang_telur
test_231.JPG,kantong_plastik
test_232.jpg,botol_aerosol
test_233.jpg,tissue
test_234.png,cangkang_telur
test_235.jpg,tablet_kapsul
test_236.png,cangkang_telur
test_237.jpg,tablet_kapsul
test_238.png,baterai
test_239.jpg,tablet_kapsul
test_240.png,botol_aerosol
test_241.jpg,tablet_kapsul
test_242.jpg,bohlam
test_243.jpg,cangkang_telur
test_244.jpg,baterai
test_245.jpg,kaleng
test_246.jpg,tablet_kapsul
test_247.jpg,tablet_kapsul
test_248.jpg,cangkang_telur
test_249.jpg,tablet_kapsul
test_250.jpg,kaleng
test_251.jpg,tissue
test_252.jpg,cangkang_telur
test_253.png,botol_aerosol
test_254.jpg,botol_aerosol
test_255.JPG,tablet_kapsul
test_256.jpg,kantong_plastik
test_257.jpg,tablet_kapsul
test_258.jpg,tablet_kapsul
test_259.jpg,botol_aerosol
test_260.jpg,baterai
test_261.jpg,botol_aerosol
test_262.jpg,sisa_makanan
test_263.jpg,tablet_kapsul
test_264.jpg,botol_aerosol
test_265.jpg,cangkang_telur
test_266.jpg,kantong_plastik
test_267.jpg,tablet_kapsul
test_268.jpg,cangkang_telur
test_269.jpg,tablet_kapsul
test_270.jpg,botol_aerosol
test_271.jpg,botol_obat
test_272.jpg,botol_aerosol
test_273.jpg,baterai
test_274.jpg,cangkang_telur
test_275.jpg,sisa_makanan
test_276.jpg,sisa_makanan
test_277.jpg,cangkang_telur
test_278.jpg,pet
test_279.jpg,kantong_plastik
test_280.JPG,tablet_kapsul
test_281.jpg,botol_aerosol
test_282.jpg,tablet_kapsul
test_283.jpg,botol_aerosol
test_284.jpg,cangkang_telur
test_285.jpg,kantong_plastik
test_286.jpg,sisa_makanan
test_287.jpg,cangkang_telur
test_288.jpg,tablet_kapsul
test_289.jpg,bohlam
test_290.jpg,sisa_makanan
test_291.jpg,cangkang_telur
test_292.jpg,botol_aerosol
test_293.jpg,botol_aerosol
test_294.png,cangkang_telur
test_295.jpg,tablet_kapsul
test_296.jpg,tissue
test_297.jpg,sisa_makanan
test_298.jpg,botol_aerosol
test_299.jpg,kantong_plastik
test_300.jpg,kantong_plastik
test_301.JPG,sisa_makanan
test_302.jpg,baterai
test_303.jpg,cangkang_telur
test_304.jpg,cangkang_telur
test_305.jpg,kantong_plastik
test_306.jpg,botol_aerosol
test_307.JPG,sisa_makanan
test_308.jpg,botol_aerosol
test_309.png,cangkang_telur
test_310.jpg,cangkang_telur
test_311.jpg,bohlam
test_312.jpg,tablet_kapsul
test_313.png,baterai
test_314.jpg,cangkang_telur
test_315.jpg,cangkang_telur
test_316.jpg,kaleng
test_317.jpg,kantong_plastik
test_318.jpg,kantong_plastik
test_319.JPG,kantong_plastik
test_320.jpg,tablet_kapsul
test_321.jpg,tissue
test_322.jpg,baterai
test_323.jpg,botol_aerosol
test_324.png,cangkang_telur
test_325.jpg,baterai
test_326.jpg,botol_aerosol
test_327.jpg,sisa_makanan
test_328.jpg,botol_aerosol
test_329.jpg,tablet_kapsul
test_330.png,botol_aerosol
test_331.jpg,tablet_kapsul
test_332.jpg,tablet_kapsul
test_333.jpg,botol_aerosol
test_334.JPG,sisa_makanan
test_335.jpg,botol_aerosol
test_336.jpg,botol_aerosol
test_337.jpg,baterai
test_338.jpg,baterai
test_339.jpg,botol_aerosol
test_340.jpg,cangkang_telur
test_341.jpg,tablet_kapsul
test_342.jpg,cangkang_telur
test_343.png,botol_aerosol
test_344.JPG,sisa_makanan
test_345.jpg,sisa_makanan
test_346.jpg,tablet_kapsul
test_347.JPG,baterai
test_348.jpg,cangkang_telur
test_349.jpg,tablet_kapsul
test_350.jpg,tablet_kapsul
test_351.JPG,sisa_makanan
test_352.JPG,cangkang_telur
test_353.jpg,kantong_plastik
test_354.png,cangkang_telur
test_355.jpg,kantong_plastik
test_356.jpg,tablet_kapsul
test_357.jpg,botol_aerosol
test_358.jpg,bohlam
test_359.jpg,kantong_plastik
test_360.jpg,kantong_plastik
test_361.jpg,baterai
test_362.jpg,cangkang_telur
test_363.jpg,tablet_kapsul
test_364.png,cangkang_telur
test_365.jpg,sisa_makanan
test_366.jpg,cangkang_telur
test_367.jpg,botol_aerosol
test_368.jpg,tablet_kapsul
test_369.jpg,tissue
test_370.jpg,kantong_plastik
test_371.jpg,botol_aerosol
test_372.jpg,baterai
test_373.jpg,sisa_makanan
test_374.jpg,baterai
test_375.jpg,botol_obat
test_376.jpg,cangkang_telur
test_377.jpg,tablet_kapsul
test_378.JPG,botol_obat
test_379.jpg,botol_aerosol
test_380.jpg,cangkang_telur
test_381.jpg,bohlam
test_382.jpg,botol_aerosol
test_383.jpg,kaleng
test_384.jpg,tablet_kapsul
test_385.jpg,botol_aerosol
test_386.jpg,botol_aerosol
test_387.png,sisa_makanan
test_388.jpg,baterai
test_389.png,botol_aerosol
test_390.jpg,kantong_plastik
test_391.jpg,sisa_makanan
test_392.jpg,botol_aerosol
test_393.jpg,botol_aerosol
test_394.jpg,botol_aerosol
test_395.jpg,baterai
test_396.JPG,tablet_kapsul
test_397.jpg,bohlam
test_398.JPG,tablet_kapsul
test_399.jpg,kantong_plastik
test_400.png,botol_aerosol
test_401.jpg,tablet_kapsul
test_402.jpg,bohlam
test_403.jpg,botol_aerosol
test_404.jpg,kantong_plastik
test_405.JPG,sisa_makanan
test_406.png,botol_aerosol
test_407.jpg,tablet_kapsul
test_408.png,cangkang_telur
test_409.jpg,sisa_makanan
test_410.jpg,cangkang_telur
test_411.jpg,kantong_plastik
test_412.jpg,botol_aerosol
test_413.jpg,botol_aerosol
test_414.jpg,cangkang_telur
test_415.jpg,tablet_kapsul
test_416.jpg,sisa_makanan
test_417.jpg,botol_aerosol
test_418.jpg,tablet_kapsul
test_419.jpg,kantong_plastik
test_420.jpg,cangkang_telur
test_421.jpg,botol_aerosol
test_422.jpg,kantong_plastik
test_423.jpg,sisa_makanan
test_424.JPG,botol_obat
test_425.jpg,tissue
test_426.png,kantong_plastik
test_427.jpg,cangkang_telur
test_428.png,cangkang_telur
test_429.jpg,cangkang_telur
test_430.jpg,cangkang_telur
test_431.png,cangkang_telur
test_432.jpg,kantong_plastik
test_433.jpg,botol_aerosol
test_434.jpg,baterai
test_435.jpg,tablet_kapsul
test_436.jpeg,botol_aerosol
test_437.jpg,botol_aerosol
test_438.png,botol_aerosol
test_439.JPG,bohlam
test_440.jpg,tablet_kapsul
test_441.jpg,tablet_kapsul
test_442.jpg,cangkang_telur
test_443.JPG,cangkang_telur
test_444.jpg,sisa_makanan
test_445.jpg,cangkang_telur
test_446.jpg,kardus
test_447.jpg,botol_aerosol
test_448.JPG,tablet_kapsul
test_449.jpg,tablet_kapsul
test_450.jpg,botol_aerosol
test_451.jpg,tablet_kapsul
test_452.jpg,botol_aerosol
test_453.jpg,botol_aerosol
test_454.jpg,cangkang_telur
test_455.jpg,tablet_kapsul
test_456.png,botol_aerosol
test_457.jpg,tablet_kapsul
test_458.jpg,botol_aerosol
test_459.jpg,sisa_makanan
test_460.png,botol_aerosol
test_461.jpg,botol_aerosol
test_462.jpg,tablet_kapsul
test_463.jpg,sisa_makanan
test_464.png,botol_aerosol
test_465.jpg,tablet_kapsul
test_466.jpg,sisa_makanan
test_467.jpg,botol_aerosol
test_468.JPG,kantong_plastik
test_469.jpg,cangkang_telur
test_470.jpg,botol_aerosol
test_471.jpg,tablet_kapsul
test_472.jpg,tablet_kapsul
test_473.jpg,botol_aerosol
test_474.jpg,botol_aerosol
test_475.jpg,tissue
test_476.jpg,tablet_kapsul
test_477.jpg,botol_aerosol
test_478.jpg,botol_aerosol
test_479.png,botol_aerosol
test_480.jpg,cangkang_telur
test_481.jpg,cangkang_telur
test_482.jpg,sisa_makanan
test_483.jpg,baterai
test_484.jpg,tablet_kapsul
test_485.jpg,kantong_plastik
test_486.jpg,cangkang_telur
test_487.jpg,botol_aerosol
test_488.jpg,tablet_kapsul
test_489.jpg,tissue
test_490.jpg,sisa_makanan
test_491.jpg,cangkang_telur
test_492.jpg,botol_aerosol
test_493.jpg,kantong_plastik
test_494.jpg,baterai
test_495.jpg,sisa_makanan
test_496.jpg,botol_aerosol
test_497.jpg,kantong_plastik
test_498.jpg,baterai
test_499.jpg,sisa_makanan
test_500.JPG,cangkang_telur
test_501.jpg,sisa_makanan
test_502.jpg,bohlam
test_503.png,botol_aerosol
test_504.jpg,baterai
test_505.jpg,botol_aerosol
test_506.jpg,botol_aerosol
test_507.jpg,botol_aerosol
test_508.jpg,cangkang_telur
test_509.jpg,tablet_kapsul
test_510.jpg,tablet_kapsul
test_511.jpg,botol_aerosol
test_512.jpg,kantong_plastik
test_513.jpg,botol_aerosol
test_514.jpg,tablet_kapsul
test_515.png,botol_aerosol
test_516.jpg,baterai
test_517.jpg,botol_aerosol
test_518.jpg,cangkang_telur
test_519.jpg,sisa_makanan
test_520.jpg,botol_aerosol
test_521.jpg,cangkang_telur
test_522.jpg,tablet_kapsul
test_523.jpg,botol_aerosol
test_524.jpg,cangkang_telur
test_525.jpg,tissue
test_526.jpg,tissue
test_527.jpg,baterai
test_528.jpg,sisa_makanan
test_529.jpg,botol_aerosol
test_530.jpg,botol_aerosol
test_531.png,cangkang_telur
test_532.png,botol_aerosol
test_533.jpg,botol_obat
test_534.jpg,botol_obat
test_535.jpg,cangkang_telur
test_536.png,botol_aerosol
test_537.jpg,tablet_kapsul
test_538.jpg,botol_aerosol
test_539.JPG,cangkang_telur
test_540.jpg,botol_aerosol
test_541.jpg,botol_aerosol
test_542.png,botol_aerosol
test_543.jpg,cangkang_telur
test_544.jpg,sisa_makanan
test_545.jpg,tablet_kapsul
test_546.jpg,kantong_plastik
test_547.jpg,baterai
test_548.jpg,cangkang_telur
test_549.jpg,botol_aerosol
test_550.jpg,kantong_plastik
test_551.jpg,tablet_kapsul
test_552.png,botol_aerosol
test_553.jpg,cangkang_telur
test_554.jpg,baterai
test_555.jpg,botol_obat
test_556.png,botol_aerosol
test_557.png,cangkang_telur
test_558.jpg,tablet_kapsul
test_559.jpg,sisa_makanan
test_560.jpg,tablet_kapsul
test_561.jpg,tablet_kapsul
test_562.jpg,tablet_kapsul
test_563.png,botol_aerosol
test_564.jpg,cangkang_telur
test_565.png,botol_aerosol
test_566.jpg,cangkang_telur
test_567.jpg,tablet_kapsul
test_568.jpg,cangkang_telur
test_569.jpg,kantong_plastik
test_570.jpg,tablet_kapsul
test_571.jpg,botol_aerosol
test_572.jpg,kantong_plastik
test_573.JPG,botol_obat
test_574.jpg,tablet_kapsul
test_575.jpg,baterai
test_576.jpg,kantong_plastik
test_577.JPG,sisa_makanan
test_578.jpg,tablet_kapsul
test_579.jpg,sisa_makanan
test_580.jpg,botol_aerosol
test_581.jpg,baterai
test_582.jpg,cangkang_telur
test_583.jpg,botol_aerosol
test_584.jpg,tablet_kapsul
test_585.jpg,sisa_makanan
test_586.jpg,botol_aerosol
test_587.jpg,botol_aerosol
test_588.jpg,kantong_plastik
test_589.jpg,botol_aerosol
test_590.jpg,botol_aerosol
test_591.jpg,bohlam
test_592.jpg,cangkang_telur
test_593.jpg,sisa_makanan
test_594.jpg,cangkang_telur
test_595.png,cangkang_telur
test_596.jpg,botol_aerosol
test_597.jpg,botol_aerosol
test_598.jpg,tablet_kapsul
test_599.jpg,botol_aerosol
test_600.jpg,tablet_kapsul
test_601.jpg,bohlam
test_602.jpg,bohlam
test_603.jpg,botol_aerosol
test_604.jpg,sisa_makanan
test_605.jpg,botol_aerosol
test_606.jpg,baterai
test_607.png,botol_aerosol
test_608.png,cangkang_telur
test_609.JPG,sisa_makanan
test_610.png,cangkang_telur
test_611.jpg,botol_aerosol
test_612.jpg,cangkang_telur
test_613.jpg,botol_aerosol
test_614.png,kaleng
test_615.jpg,tablet_kapsul
test_616.jpg,tablet_kapsul
test_617.JPG,cangkang_telur
test_618.jpg,tablet_kapsul
test_619.jpg,kantong_plastik
test_620.jpg,kaleng
test_621.png,botol_aerosol
test_622.jpg,cangkang_telur
test_623.jpg,botol_aerosol
test_624.JPG,botol_obat
test_625.JPG,sisa_makanan
test_626.jpg,tablet_kapsul
test_627.jpg,cangkang_telur
test_628.jpg,tablet_kapsul
test_629.jpg,tablet_kapsul
test_630.jpg,tablet_kapsul
test_631.jpg,tablet_kapsul
test_632.png,cangkang_telur
test_633.jpg,botol_aerosol
test_634.jpg,cangkang_telur
test_635.jpg,cangkang_telur
test_636.png,botol_aerosol
test_637.png,botol_aerosol
test_638.jpg,baterai
test_639.jpg,botol_aerosol
test_640.jpg,tablet_kapsul
test_641.jpg,tablet_kapsul
test_642.jpg,botol_aerosol
test_643.jpg,botol_aerosol
test_644.png,botol_aerosol
test_645.jpg,cangkang_telur
test_646.jpg,botol_aerosol
test_647.jpg,kantong_plastik
test_648.png,botol_aerosol
test_649.jpg,botol_aerosol
test_650.jpg,kantong_plastik
test_651.jpg,tablet_kapsul
test_652.jpg,kaleng
test_653.jpg,sisa_makanan
test_654.jpg,cangkang_telur
test_655.jpg,cangkang_telur
test_656.jpg,bohlam
test_657.jpg,tablet_kapsul
test_658.jpg,cangkang_telur
test_659.jpg,kantong_plastik
test_660.jpg,botol_aerosol
test_661.JPG,sisa_makanan
test_662.jpg,cangkang_telur
test_663.jpg,botol_aerosol
test_664.JPG,sisa_makanan
test_665.jpg,sisa_makanan
test_666.jpg,botol_aerosol
test_667.JPG,tablet_kapsul
test_668.JPG,botol_aerosol
test_669.jpg,kantong_plastik
test_670.jpg,bohlam
test_671.jpg,botol_aerosol
test_672.jpg,tablet_kapsul
test_673.jpg,tablet_kapsul
test_674.png,cangkang_telur
test_675.jpg,sisa_makanan
test_676.jpg,botol_aerosol
test_677.jpg,cangkang_telur
test_678.JPG,tablet_kapsul
test_679.JPG,cangkang_telur
test_680.jpg,sisa_makanan
test_681.jpg,botol_aerosol
test_682.jpg,kantong_plastik
test_683.jpg,sisa_makanan
test_684.jpg,cangkang_telur
test_685.jpg,botol_aerosol
test_686.jpg,cangkang_telur
test_687.jpg,botol_aerosol
test_688.jpg,baterai
test_689.JPG,cangkang_telur
test_690.jpg,kantong_plastik
test_691.jpg,tissue
test_692.jpg,botol_aerosol
test_693.jpg,tablet_kapsul
test_694.jpg,botol_aerosol
test_695.jpg,tablet_kapsul
test_696.jpg,botol_aerosol
test_697.jpg,cangkang_telur
test_698.jpg,botol_aerosol
test_699.jpg,tablet_kapsul
test_700.jpg,baterai
test_701.jpg,kaleng
test_702.jpg,cangkang_telur
test_703.jpg,botol_aerosol
test_704.jpg,tissue
test_705.jpg,cangkang_telur
test_706.jpg,tablet_kapsul
test_707.jpg,botol_aerosol
test_708.JPG,tablet_kapsul
test_709.JPG,botol_obat
test_710.jpg,kantong_plastik
test_711.jpg,botol_aerosol
test_712.jpg,botol_obat
test_713.jpg,tissue
test_714.jpg,botol_aerosol
test_715.jpg,bohlam
test_716.jpg,sisa_makanan
test_717.png,cangkang_telur
test_718.jpg,botol_aerosol
test_719.jpg,tissue
test_720.jpg,botol_aerosol
test_721.JPG,botol_obat
test_722.jpg,tablet_kapsul
test_723.jpg,kantong_plastik
test_724.jpg,bohlam
test_725.jpg,bohlam
test_726.jpg,botol_aerosol
test_727.jpg,tissue
test_728.jpg,kantong_plastik
test_729.jpg,cangkang_telur
test_730.jpg,tablet_kapsul
test_731.jpg,botol_aerosol
test_732.png,cangkang_telur
test_733.jpg,kantong_plastik
test_734.png,botol_aerosol
test_735.jpg,botol_aerosol
test_736.jpg,tablet_kapsul
test_737.png,botol_aerosol
test_738.jpg,botol_aerosol
test_739.png,cangkang_telur
test_740.jpg,kantong_plastik
test_741.jpg,tablet_kapsul
test_742.jpg,cangkang_telur
test_743.png,botol_aerosol
test_744.png,botol_aerosol
test_745.JPG,tablet_kapsul
test_746.jpg,cangkang_telur
test_747.jpg,botol_aerosol
test_748.jpg,kantong_plastik
test_749.jpg,bohlam
test_750.jpg,baterai
test_751.jpg,botol_aerosol
test_752.jpg,kantong_plastik
test_753.jpg,tissue
test_754.jpg,botol_aerosol
test_755.jpg,baterai
test_756.jpg,botol_aerosol
test_757.png,cangkang_telur
test_758.jpg,botol_aerosol
test_759.jpg,tablet_kapsul
test_760.JPG,tablet_kapsul
test_761.JPG,tablet_kapsul
test_762.jpg,sisa_makanan
test_763.png,cangkang_telur
test_764.jpg,kardus
test_765.jpg,baterai
test_766.JPG,tablet_kapsul
test_767.jpg,tablet_kapsul
test_768.png,botol_aerosol
test_769.jpg,botol_aerosol
test_770.jpg,tablet_kapsul
test_771.jpg,botol_aerosol
test_772.jpg,tablet_kapsul
test_773.jpg,kantong_plastik
test_774.jpg,cangkang_telur
test_775.jpg,cangkang_telur
test_776.png,botol_obat
test_777.jpg,cangkang_telur
test_778.png,botol_obat
test_779.jpg,kantong_plastik
test_780.jpg,sisa_makanan
test_781.jpg,botol_aerosol
test_782.jpg,cangkang_telur
test_783.jpg,cangkang_telur
test_784.jpg,botol_aerosol
test_785.jpg,sisa_makanan
test_786.jpg,botol_aerosol
test_787.jpg,kantong_plastik
test_788.jpg,botol_aerosol
test_789.jpg,cangkang_telur
test_790.jpg,sisa_makanan
test_791.jpg,sisa_makanan
test_792.jpg,baterai
test_793.png,botol_aerosol
test_794.png,botol_aerosol
test_795.jpg,baterai
test_796.jpg,tablet_kapsul
test_797.png,cangkang_telur
test_798.png,cangkang_telur
test_799.jpg,botol_aerosol
test_800.png,sisa_makanan
test_801.jpg,tablet_kapsul
test_802.jpg,tablet_kapsul
test_803.png,cangkang_telur
test_804.jpg,botol_aerosol
test_805.jpg,tablet_kapsul
test_806.jpg,tablet_kapsul
test_807.jpg,bohlam
test_808.jpg,tablet_kapsul
test_809.JPG,sisa_makanan
test_810.png,botol_aerosol
test_811.jpg,baterai
test_812.jpg,botol_aerosol
test_813.jpg,botol_aerosol
test_814.jpg,cangkang_telur
test_815.jpg,botol_aerosol
test_816.jpg,kantong_plastik
test_817.jpg,botol_aerosol
test_818.png,botol_aerosol
test_819.jpg,sisa_makanan
test_820.jpg,cangkang_telur
test_821.jpg,botol_aerosol
test_822.png,botol_aerosol
test_823.png,cangkang_telur
test_824.jpg,botol_aerosol
test_825.jpg,botol_aerosol
test_826.jpg,tablet_kapsul
test_827.jpg,cangkang_telur
test_828.jpg,tablet_kapsul
test_829.jpg,sisa_makanan
test_830.jpg,botol_aerosol
test_831.jpg,botol_aerosol
test_832.jpg,tablet_kapsul
test_833.png,botol_aerosol
test_834.jpg,kantong_plastik
test_835.jpg,cangkang_telur
test_836.jpg,tablet_kapsul
test_837.jpg,cangkang_telur
test_838.jpg,sisa_makanan
test_839.jpg,kantong_plastik
test_840.jpg,kantong_plastik
test_841.png,cangkang_telur
test_842.jpg,botol_aerosol
test_843.jpg,cangkang_telur
test_844.jpg,botol_aerosol
test_845.jpg,bohlam
test_846.jpg,botol_aerosol
test_847.jpg,baterai
test_848.jpg,cangkang_telur
test_849.jpg,baterai
test_850.jpg,tissue
test_851.jpg,sisa_makanan
test_852.jpg,baterai
test_853.jpg,cangkang_telur
test_854.JPG,sisa_makanan
test_855.jpg,botol_aerosol
test_856.jpg,baterai
test_857.jpg,cangkang_telur
test_858.jpg,botol_aerosol
test_859.jpg,tablet_kapsul
test_860.jpg,kantong_plastik
test_861.jpg,tissue
test_862.jpg,botol_aerosol
test_863.jpg,botol_aerosol
test_864.jpg,sisa_makanan
test_865.jpg,botol_aerosol
test_866.jpg,sisa_makanan
test_867.jpg,tablet_kapsul
test_868.JPG,sisa_makanan
test_869.jpg,botol_obat
test_870.png,baterai
test_871.jpg,cangkang_telur
test_872.jpg,sisa_makanan
test_873.png,cangkang_telur
test_874.jpg,botol_aerosol
test_875.JPG,botol_obat
test_876.jpg,tablet_kapsul
test_877.jpg,tablet_kapsul
test_878.jpg,bohlam
test_879.jpg,botol_aerosol
test_880.jpg,tablet_kapsul
test_881.jpg,bohlam
test_882.jpg,botol_aerosol
test_883.jpg,botol_aerosol
test_884.png,botol_aerosol
test_885.jpg,baterai
test_886.JPG,cangkang_telur
test_887.JPG,tablet_kapsul
test_888.jpg,tablet_kapsul
test_889.jpg,botol_aerosol
test_890.jpg,tablet_kapsul
test_891.jpg,tablet_kapsul
test_892.JPG,sisa_makanan
test_893.jpg,tablet_kapsul
test_894.jpg,botol_aerosol
test_895.jpg,tablet_kapsul
test_896.JPG,cangkang_telur
test_897.jpg,kardus
test_898.jpg,tablet_kapsul
test_899.jpg,sisa_makanan
test_900.jpg,cangkang_telur
test_901.jpg,tablet_kapsul
test_902.jpg,baterai
test_903.jpg,kantong_plastik
test_904.jpg,cangkang_telur
test_905.jpg,cangkang_telur
test_906.JPG,botol_aerosol
test_907.jpg,bohlam
test_908.jpg,sisa_makanan
test_909.jpg,botol_aerosol
test_910.jpg,botol_aerosol
test_911.jpg,cangkang_telur
test_912.jpg,tablet_kapsul
test_913.png,botol_aerosol
test_914.jpg,cangkang_telur
test_915.jpg,cangkang_telur
test_916.jpg,tablet_kapsul
test_917.jpg,kantong_plastik
test_918.jpg,tablet_kapsul
test_919.jpg,botol_obat
test_920.png,cangkang_telur
test_921.jpg,botol_aerosol
test_922.jpg,botol_aerosol
test_923.jpg,tablet_kapsul
test_924.jpg,tablet_kapsul
test_925.JPG,cangkang_telur
test_926.JPG,tablet_kapsul
test_927.jpg,tablet_kapsul
test_928.jpg,botol_aerosol
test_929.jpg,baterai
test_930.jpg,cangkang_telur
test_931.jpg,botol_aerosol
test_932.jpg,botol_aerosol
test_933.jpg,kantong_plastik
test_934.png,cangkang_telur
test_935.JPG,botol_aerosol
test_936.jpg,tablet_kapsul
test_937.jpg,botol_aerosol
test_938.jpg,sisa_makanan
test_939.jpg,tablet_kapsul
test_940.png,cangkang_telur
test_941.png,botol_aerosol
test_942.jpg,cangkang_telur
test_943.jpg,tablet_kapsul
test_944.jpg,tablet_kapsul
test_945.jpg,tablet_kapsul
test_946.png,botol_aerosol
test_947.jpg,botol_aerosol
test_948.jpg,tablet_kapsul
test_949.JPG,cangkang_telur
test_950.jpg,baterai
test_951.png,cangkang_telur
test_952.jpg,botol_aerosol
test_953.jpg,sisa_makanan
test_954.JPG,cangkang_telur
test_955.jpg,sisa_makanan
test_956.jpg,kantong_plastik
test_957.jpg,botol_aerosol
test_958.jpg,botol_aerosol
test_959.jpg,tablet_kapsul
test_960.jpg,baterai
test_961.jpg,tablet_kapsul
test_962.jpg,tablet_kapsul
test_963.jpg,baterai
test_964.jpg,botol_aerosol
test_965.jpg,botol_aerosol
test_966.jpg,tablet_kapsul
test_967.jpg,cangkang_telur
test_968.jpg,kantong_plastik
test_969.jpg,kantong_plastik
test_970.JPG,botol_obat
test_971.jpg,cangkang_telur
test_972.jpg,botol_aerosol
test_973.JPG,cangkang_telur
test_974.JPG,sisa_makanan
test_975.jpg,botol_aerosol
test_976.jpg,cangkang_telur
test_977.jpg,cangkang_telur
test_978.jpg,botol_aerosol
test_979.jpg,kantong_plastik
test_980.jpg,botol_aerosol
test_981.jpg,tissue
test_982.jpg,botol_aerosol
test_983.jpg,botol_aerosol
test_984.jpg,cangkang_telur
test_985.jpg,botol_obat
test_986.jpg,sisa_makanan
test_987.jpg,botol_aerosol
test_988.png,botol_aerosol
test_989.jpg,botol_aerosol
test_990.jpg,botol_aerosol
test_991.jpg,tablet_kapsul
test_992.JPG,cangkang_telur
test_993.jpg,baterai
test_994.jpg,cangkang_telur
test_995.jpg,botol_aerosol
test_996.png,botol_aerosol
test_997.jpg,kantong_plastik
test_998.jpg,kaleng
test_999.JPG,tablet_kapsul
test_1000.jpg,bohlam
test_1001.jpg,pet
test_1002.jpg,botol_aerosol
test_1003.jpg,tablet_kapsul
test_1004.jpg,botol_aerosol
test_1005.png,kantong_plastik
test_1006.png,cangkang_telur
test_1007.jpg,tablet_kapsul
test_1008.jpg,cangkang_telur
test_1009.jpg,tablet_kapsul
test_1010.jpg,cangkang_telur
test_1011.jpg,kantong_plastik
test_1012.jpg,kantong_plastik
test_1013.jpg,botol_aerosol
test_1014.jpg,tissue
test_1015.jpg,sisa_makanan
test_1016.jpg,kantong_plastik
test_1017.jpg,tablet_kapsul
test_1018.jpg,botol_aerosol
test_1019.png,botol_aerosol
test_1020.png,botol_aerosol
test_1021.jpg,tablet_kapsul
test_1022.jpg,botol_aerosol
test_1023.JPG,cangkang_telur
test_1024.jpg,cangkang_telur
test_1025.jpg,botol_aerosol
test_1026.jpg,botol_aerosol
test_1027.jpg,botol_aerosol
test_1028.jpg,cangkang_telur
test_1029.jpg,tablet_kapsul
test_1030.jpg,tablet_kapsul
test_1031.jpg,kantong_plastik
test_1032.jpg,sisa_makanan
test_1033.JPG,tablet_kapsul
test_1034.JPG,sisa_makanan
test_1035.jpg,tablet_kapsul
test_1036.jpg,tablet_kapsul
test_1037.jpg,kantong_plastik
test_1038.jpg,botol_aerosol
test_1039.jpg,tablet_kapsul
test_1040.jpg,baterai
test_1041.jpg,sisa_makanan
test_1042.jpg,tablet_kapsul
test_1043.jpg,tablet_kapsul
test_1044.jpg,botol_aerosol
test_1045.jpg,tablet_kapsul
test_1046.jpg,baterai
test_1047.png,botol_aerosol
test_1048.JPG,cangkang_telur
test_1049.jpg,botol_aerosol
test_1050.jpg,sisa_makanan
test_1051.jpg,tablet_kapsul
test_1052.JPG,kantong_plastik
test_1053.jpg,tablet_kapsul
test_1054.jpg,botol_aerosol
test_1055.jpg,cangkang_telur
test_1056.png,botol_aerosol
test_1057.jpg,botol_aerosol
test_1058.jpg,baterai
test_1059.jpg,tablet_kapsul
test_1060.jpg,botol_aerosol
test_1061.jpg,botol_aerosol
test_1062.jpg,botol_aerosol
test_1063.jpg,tablet_kapsul
test_1064.JPG,kantong_plastik
test_1065.jpg,baterai
test_1066.jpg,botol_aerosol
test_1067.jpg,kantong_plastik
test_1068.jpg,tissue
test_1069.jpg,sisa_makanan
test_1070.jpg,botol_aerosol
test_1071.jpg,baterai
test_1072.jpg,tablet_kapsul
test_1073.png,botol_aerosol
test_1074.jpg,bohlam
test_1075.jpg,kantong_plastik
test_1076.png,botol_aerosol
test_1077.jpg,tablet_kapsul
test_1078.jpg,tablet_kapsul
test_1079.png,botol_aerosol
test_1080.JPG,botol_obat
test_1081.jpg,botol_aerosol
test_1082.jpg,botol_aerosol
test_1083.jpg,botol_aerosol
test_1084.jpg,cangkang_telur
test_1085.jpg,cangkang_telur
test_1086.jpg,cangkang_telur
test_1087.jpg,botol_aerosol
test_1088.jpg,kantong_plastik
test_1089.jpg,tablet_kapsul
test_1090.jpg,bohlam
test_1091.jpg,botol_aerosol
test_1092.jpg,cangkang_telur
test_1093.jpg,tissue
test_1094.jpg,tablet_kapsul
test_1095.png,kantong_plastik
test_1096.jpg,sisa_makanan
test_1097.jpg,tablet_kapsul
test_1098.png,botol_aerosol
test_1099.jpg,sisa_makanan
test_1100.jpg,botol_aerosol
test_1101.jpg,botol_aerosol
test_1102.JPG,kantong_plastik
test_1103.jpg,botol_aerosol
test_1104.jpg,sisa_makanan
test_1105.JPG,cangkang_telur
test_1106.jpg,baterai
test_1107.jpg,botol_aerosol
test_1108.jpg,baterai
test_1109.jpg,botol_aerosol
test_1110.jpg,tablet_kapsul
test_1111.jpg,tablet_kapsul
test_1112.jpg,botol_aerosol
test_1113.jpg,botol_aerosol
test_1114.png,botol_aerosol
test_1115.jpg,bohlam
test_1116.jpg,sisa_makanan
test_1117.png,botol_aerosol
test_1118.jpg,botol_aerosol
test_1119.png,cangkang_telur
test_1120.png,botol_aerosol
test_1121.png,kantong_plastik
test_1122.jpg,bohlam
test_1123.png,cangkang_telur
test_1124.jpg,baterai
test_1125.jpg,botol_aerosol
test_1126.JPG,tablet_kapsul
test_1127.JPG,baterai
test_1128.jpg,botol_aerosol
test_1129.jpg,botol_aerosol
test_1130.jpg,botol_aerosol
test_1131.jpg,botol_aerosol
test_1132.jpg,baterai
test_1133.png,cangkang_telur
test_1134.jpg,tissue
test_1135.png,cangkang_telur
test_1136.jpg,termometer
test_1137.jpg,tablet_kapsul
test_1138.jpg,botol_aerosol
test_1139.jpg,sisa_makanan
test_1140.jpg,baterai
test_1141.png,botol_aerosol
test_1142.jpg,cangkang_telur
test_1143.png,cangkang_telur
test_1144.jpg,baterai
test_1145.jpg,baterai
test_1146.jpg,cangkang_telur
test_1147.jpg,botol_aerosol
test_1148.jpg,cangkang_telur
test_1149.jpg,cangkang_telur
test_1150.jpg,botol_aerosol
test_1151.jpg,botol_aerosol
test_1152.jpg,baterai
test_1153.jpg,cangkang_telur
test_1154.jpg,tablet_kapsul
test_1155.jpg,kantong_plastik
test_1156.jpg,cangkang_telur
test_1157.png,botol_aerosol
test_1158.jpg,botol_aerosol
test_1159.jpg,tablet_kapsul
test_1160.jpg,cangkang_telur
test_1161.jpg,cangkang_telur
test_1162.jpg,tablet_kapsul
test_1163.jpg,botol_aerosol
test_1164.jpg,botol_aerosol
test_1165.JPG,tablet_kapsul
test_1166.jpg,botol_aerosol
test_1167.jpg,tablet_kapsul
test_1168.jpg,botol_aerosol
test_1169.jpg,kantong_plastik
test_1170.jpg,kantong_plastik
test_1171.jpg,cangkang_telur
test_1172.jpg,tablet_kapsul
test_1173.jpg,baterai
test_1174.jpg,botol_aerosol
test_1175.jpg,botol_aerosol
test_1176.jpg,cangkang_telur
test_1177.jpg,kantong_plastik
test_1178.jpg,sisa_makanan
test_1179.png,botol_aerosol
test_1180.jpg,baterai
test_1181.jpg,tablet_kapsul
test_1182.jpg,botol_aerosol
test_1183.jpg,tablet_kapsul
test_1184.jpg,baterai
test_1185.jpg,botol_aerosol
test_1186.jpg,tablet_kapsul
test_1187.jpg,tablet_kapsul
test_1188.jpg,sisa_makanan
test_1189.jpg,bohlam
test_1190.jpg,botol_aerosol
test_1191.jpg,bohlam
test_1192.jpg,sisa_makanan
test_1193.jpg,cangkang_telur
test_1194.jpg,cangkang_telur
test_1195.jpg,botol_aerosol
test_1196.png,botol_aerosol
test_1197.png,kantong_plastik
test_1198.jpg,baterai
test_1199.jpg,tissue
test_1200.jpg,tablet_kapsul
test_1201.jpg,tablet_kapsul
test_1202.jpg,cangkang_telur
test_1203.png,botol_aerosol
test_1204.jpg,baterai
test_1205.jpg,sisa_makanan
test_1206.jpg,tablet_kapsul
test_1207.png,botol_aerosol
test_1208.jpg,botol_aerosol
test_1209.JPG,cangkang_telur
test_1210.jpg,cangkang_telur
test_1211.jpg,cangkang_telur
test_1212.JPG,sisa_makanan
test_1213.jpg,cangkang_telur
test_1214.JPG,cangkang_telur
test_1215.jpg,botol_aerosol
test_1216.jpg,kantong_plastik
test_1217.jpg,sisa_makanan
test_1218.jpg,tablet_kapsul
test_1219.jpg,cangkang_telur
test_1220.jpg,sisa_makanan
test_1221.jpg,tablet_kapsul
test_1222.jpg,botol_aerosol
test_1223.png,cangkang_telur
test_1224.jpg,botol_aerosol
test_1225.jpeg,tablet_kapsul
test_1226.jpg,botol_aerosol
test_1227.jpg,botol_obat
test_1228.jpg,cangkang_telur
test_1229.jpg,sisa_makanan
test_1230.jpg,tablet_kapsul
test_1231.jpg,kantong_plastik
test_1232.jpg,botol_aerosol
test_1233.JPG,botol_aerosol
test_1234.jpg,kantong_plastik
test_1235.jpg,sisa_makanan
test_1236.jpg,botol_aerosol
test_1237.jpg,botol_aerosol
test_1238.jpg,tablet_kapsul
test_1239.png,botol_aerosol
test_1240.jpg,kantong_plastik
test_1241.jpg,sisa_makanan
test_1242.jpg,sisa_makanan
test_1243.jpg,kantong_plastik
test_1244.jpg,botol_aerosol
test_1245.png,botol_aerosol
test_1246.jpg,botol_aerosol
test_1247.jpg,cangkang_telur
test_1248.JPG,cangkang_telur
test_1249.jpg,tablet_kapsul
test_1250.jpg,botol_aerosol
test_1251.jpg,tablet_kapsul
test_1252.jpg,tablet_kapsul
test_1253.jpg,tablet_kapsul
test_1254.jpg,kantong_plastik
test_1255.JPG,sisa_makanan
test_1256.jpg,tablet_kapsul
test_1257.png,cangkang_telur
test_1258.jpg,botol_aerosol
test_1259.jpg,tablet_kapsul
test_1260.jpg,kantong_plastik
test_1261.jpg,baterai
test_1262.jpg,botol_aerosol
test_1263.jpg,bohlam
test_1264.jpg,tablet_kapsul
test_1265.png,botol_aerosol
test_1266.png,cangkang_telur
test_1267.jpg,cangkang_telur
test_1268.jpg,baterai
test_1269.JPG,cangkang_telur
test_1270.png,botol_aerosol
test_1271.png,cangkang_telur
test_1272.jpg,botol_aerosol
test_1273.jpg,botol_aerosol
test_1274.jpg,tablet_kapsul
test_1275.jpg,baterai
test_1276.jpg,botol_aerosol
test_1277.jpg,kantong_plastik
test_1278.jpg,tablet_kapsul
test_1279.jpg,cangkang_telur
test_1280.JPG,botol_aerosol
test_1281.jpg,botol_aerosol
test_1282.jpg,botol_aerosol
test_1283.jpg,cangkang_telur
test_1284.jpg,cangkang_telur
test_1285.jpg,kantong_plastik
test_1286.jpg,botol_aerosol
test_1287.jpg,tablet_kapsul
test_1288.jpg,cangkang_telur
test_1289.png,cangkang_telur
test_1290.jpg,baterai
test_1291.png,sisa_makanan
test_1292.JPG,tablet_kapsul
test_1293.jpg,tablet_kapsul
test_1294.jpg,tissue
test_1295.jpg,kantong_plastik
test_1296.jpg,cangkang_telur
test_1297.jpg,botol_aerosol
test_1298.png,cangkang_telur
test_1299.png,botol_aerosol
test_1300.JPG,sisa_makanan
test_1301.png,botol_aerosol
test_1302.jpg,cangkang_telur
test_1303.jpg,tablet_kapsul
test_1304.jpg,botol_aerosol
test_1305.png,cangkang_telur
test_1306.jpg,tablet_kapsul
test_1307.png,botol_aerosol
test_1308.png,botol_aerosol
test_1309.jpg,kantong_plastik
test_1310.jpg,tablet_kapsul
test_1311.jpg,botol_obat
test_1312.jpg,tablet_kapsul
test_1313.jpg,sisa_makanan
test_1314.jpg,cangkang_telur
test_1315.jpg,sisa_makanan
test_1316.jpg,sisa_makanan
test_1317.jpg,cangkang_telur
test_1318.jpg,tissue
test_1319.jpg,tablet_kapsul
test_1320.jpg,tablet_kapsul
test_1321.jpg,tablet_kapsul
test_1322.jpg,botol_aerosol
test_1323.jpg,sisa_makanan
test_1324.JPG,baterai
test_1325.jpg,sisa_makanan
test_1326.jpg,cangkang_telur
test_1327.JPG,tablet_kapsul
test_1328.jpg,bohlam
test_1329.JPG,sisa_makanan
test_1330.jpg,tablet_kapsul
test_1331.jpg,sisa_makanan
test_1332.jpg,sisa_makanan
test_1333.jpg,tablet_kapsul
test_1334.jpg,kantong_plastik
test_1335.jpg,baterai
test_1336.jpg,cangkang_telur
test_1337.png,botol_aerosol
test_1338.jpg,tablet_kapsul
test_1339.jpg,sisa_makanan
test_1340.jpg,botol_aerosol
test_1341.png,botol_aerosol
test_1342.jpg,botol_aerosol
test_1343.jpg,tablet_kapsul
test_1344.jpg,botol_aerosol
test_1345.jpg,tablet_kapsul
test_1346.jpg,baterai
test_1347.jpg,tablet_kapsul
test_1348.jpg,botol_aerosol
test_1349.jpg,botol_aerosol
test_1350.jpg,bohlam
test_1351.jpg,sisa_makanan
test_1352.jpg,sisa_makanan
test_1353.png,botol_aerosol
test_1354.jpg,cangkang_telur
test_1355.JPG,tablet_kapsul
test_1356.jpg,tissue
test_1357.jpg,botol_aerosol
test_1358.png,botol_aerosol
test_1359.png,botol_aerosol
test_1360.jpg,baterai
test_1361.jpg,tablet_kapsul
test_1362.jpg,cangkang_telur
test_1363.jpg,kantong_plastik
test_1364.jpg,kantong_plastik
test_1365.jpg,botol_aerosol
test_1366.jpg,tablet_kapsul
test_1367.jpg,baterai
test_1368.jpg,botol_aerosol
test_1369.jpg,sisa_makanan
test_1370.jpg,botol_aerosol
test_1371.jpg,botol_aerosol
test_1372.jpg,sisa_makanan
test_1373.jpg,botol_aerosol
test_1374.jpg,cangkang_telur
test_1375.jpg,kaleng
test_1376.JPG,cangkang_telur
test_1377.jpg,botol_aerosol
test_1378.jpg,kantong_plastik
test_1379.jpg,baterai
test_1380.jpg,sisa_makanan
test_1381.jpg,cangkang_telur
test_1382.jpg,cangkang_telur
test_1383.jpg,botol_aerosol
test_1384.jpg,cangkang_telur
test_1385.jpg,cangkang_telur
test_1386.jpg,sisa_makanan
test_1387.jpg,baterai
test_1388.jpg,tablet_kapsul
test_1389.jpg,kaleng
test_1390.jpg,kantong_plastik
test_1391.jpg,sisa_makanan
test_1392.jpg,botol_aerosol
test_1393.jpg,tablet_kapsul
test_1394.jpg,tablet_kapsul
test_1395.jpg,tablet_kapsul
test_1396.jpg,botol_aerosol
test_1397.jpg,kantong_plastik
test_1398.jpg,tissue
test_1399.jpg,tablet_kapsul
test_1400.jpg,bohlam
test_1401.jpg,botol_aerosol
test_1402.jpg,cangkang_telur
test_1403.jpg,botol_aerosol
test_1404.jpg,kantong_plastik
test_1405.jpg,sisa_makanan
test_1406.JPG,tablet_kapsul
test_1407.jpg,tablet_kapsul
test_1408.jpg,cangkang_telur
test_1409.JPG,cangkang_telur
test_1410.jpg,kantong_plastik
test_1411.jpg,tablet_kapsul
test_1412.jpg,botol_aerosol
test_1413.jpg,sisa_makanan
test_1414.JPG,sisa_makanan
test_1415.png,botol_aerosol
test_1416.jpg,botol_aerosol
test_1417.png,botol_aerosol
test_1418.jpg,botol_aerosol
test_1419.jpg,tablet_kapsul
test_1420.JPG,cangkang_telur
test_1421.jpg,kantong_plastik
test_1422.png,cangkang_telur
test_1423.jpg,tablet_kapsul
test_1424.jpg,botol_aerosol
test_1425.jpg,tablet_kapsul
test_1426.jpg,cangkang_telur
test_1427.jpg,bohlam
test_1428.jpg,tablet_kapsul
test_1429.png,botol_obat
test_1430.jpg,botol_aerosol
test_1431.jpg,tablet_kapsul
test_1432.png,botol_aerosol
test_1433.jpg,tissue
test_1434.jpg,tablet_kapsul
test_1435.jpg,tablet_kapsul
test_1436.png,botol_aerosol
test_1437.jpg,cangkang_telur
test_1438.jpg,cangkang_telur
test_1439.jpg,sisa_makanan
test_1440.png,cangkang_telur
test_1441.jpg,cangkang_telur
test_1442.jpg,botol_aerosol
test_1443.jpg,sisa_makanan
test_1444.jpg,botol_aerosol
test_1445.jpg,tablet_kapsul
test_1446.jpg,botol_aerosol
test_1447.jpg,sisa_makanan
test_1448.jpg,botol_aerosol
test_1449.jpg,sisa_makanan
test_1450.jpg,sisa_makanan
test_1451.jpg,cangkang_telur
test_1452.jpg,tablet_kapsul
test_1453.jpg,sisa_makanan
test_1454.jpg,botol_aerosol
test_1455.jpg,baterai
test_1456.jpg,tablet_kapsul
test_1457.jpg,tablet_kapsul
test_1458.jpg,cangkang_telur
test_1459.jpg,botol_aerosol
test_1460.jpg,tablet_kapsul
test_1461.jpg,tablet_kapsul
test_1462.jpg,botol_aerosol
test_1463.png,cangkang_telur
test_1464.jpg,botol_aerosol
test_1465.JPG,botol_obat
test_1466.jpg,tablet_kapsul
test_1467.jpg,sisa_makanan
test_1468.JPG,kaleng
test_1469.jpg,botol_aerosol
test_1470.jpg,baterai
test_1471.jpg,tablet_kapsul
test_1472.jpg,botol_aerosol
test_1473.jpg,tablet_kapsul
test_1474.jpg,tissue
test_1475.jpg,sisa_makanan
test_1476.png,cangkang_telur
test_1477.jpg,sisa_makanan
test_1478.jpg,bohlam
test_1479.jpg,baterai
test_1480.jpg,botol_aerosol
test_1481.jpg,tablet_kapsul
test_1482.jpg,botol_aerosol
test_1483.png,cangkang_telur
test_1484.jpg,cangkang_telur
test_1485.jpg,baterai
test_1486.jpg,cangkang_telur
test_1487.jpg,tablet_kapsul
test_1488.png,cangkang_telur
test_1489.jpg,kantong_plastik
test_1490.jpg,botol_aerosol
test_1491.jpg,botol_aerosol
test_1492.jpg,botol_aerosol
test_1493.jpg,tablet_kapsul
test_1494.jpg,botol_aerosol
test_1495.JPG,tablet_kapsul
test_1496.jpg,cangkang_telur
test_1497.JPG,botol_obat
test_1498.jpg,tablet_kapsul
test_1499.jpg,sisa_makanan
test_1500.jpg,tablet_kapsul
test_1501.jpg,tablet_kapsul
test_1502.jpeg,baterai
test_1503.jpg,kantong_plastik
test_1504.JPG,sisa_makanan
test_1505.jpg,sisa_makanan
test_1506.jpg,sisa_makanan
test_1507.jpg,tissue
test_1508.jpg,sisa_makanan
test_1509.jpg,cangkang_telur
test_1510.jpg,tablet_kapsul
test_1511.jpg,sisa_makanan
test_1512.jpg,tablet_kapsul
test_1513.jpg,tablet_kapsul
test_1514.jpg,tablet_kapsul
test_1515.jpg,cangkang_telur
test_1516.jpg,tablet_kapsul
test_1517.jpg,kantong_plastik
test_1518.jpg,baterai
test_1519.jpg,tablet_kapsul
test_1520.jpg,tablet_kapsul
test_1521.JPG,tablet_kapsul
test_1522.jpg,baterai
test_1523.jpg,cangkang_telur
test_1524.jpg,baterai
test_1525.jpg,baterai
test_1526.jpg,botol_aerosol
test_1527.jpg,kantong_plastik
test_1528.png,cangkang_telur
test_1529.jpg,botol_obat
test_1530.jpg,cangkang_telur
test_1531.jpg,botol_aerosol
test_1532.jpg,tablet_kapsul
test_1533.jpg,botol_aerosol
test_1534.png,cangkang_telur
test_1535.jpg,tablet_kapsul
test_1536.png,cangkang_telur
test_1537.jpg,tablet_kapsul
test_1538.png,sisa_makanan
test_1539.png,botol_aerosol
test_1540.jpg,tablet_kapsul
test_1541.png,botol_aerosol
test_1542.JPG,cangkang_telur
test_1543.jpg,botol_aerosol
test_1544.JPG,tablet_kapsul
test_1545.png,botol_aerosol
test_1546.jpg,baterai
test_1547.jpg,sisa_makanan
test_1548.jpg,cangkang_telur
test_1549.jpg,cangkang_telur
test_1550.jpg,tissue
test_1551.JPG,tablet_kapsul
test_1552.png,cangkang_telur
test_1553.jpg,cangkang_telur
test_1554.jpg,tablet_kapsul
test_1555.jpg,tablet_kapsul
test_1556.jpg,tablet_kapsul
test_1557.jpg,cangkang_telur
test_1558.jpg,botol_aerosol
test_1559.jpg,botol_aerosol
test_1560.JPG,tablet_kapsul
test_1561.jpg,tablet_kapsul
test_1562.jpg,cangkang_telur
test_1563.png,cangkang_telur
test_1564.jpg,sisa_makanan
test_1565.jpg,botol_aerosol
test_1566.png,botol_aerosol
test_1567.jpg,tablet_kapsul
test_1568.jpg,sisa_makanan
test_1569.jpg,cangkang_telur
test_1570.jpg,kantong_plastik
test_1571.jpg,tablet_kapsul
test_1572.jpg,baterai
test_1573.JPG,botol_aerosol
test_1574.jpg,sisa_makanan
test_1575.jpg,tablet_kapsul
test_1576.jpg,sisa_makanan
test_1577.jpg,kantong_plastik
test_1578.jpg,botol_aerosol
test_1579.jpg,kantong_plastik
test_1580.jpg,botol_aerosol
test_1581.jpg,sisa_makanan
test_1582.jpg,botol_aerosol
test_1583.png,botol_aerosol
test_1584.jpg,botol_aerosol
test_1585.jpg,cangkang_telur
test_1586.jpg,sisa_makanan
test_1587.jpg,tablet_kapsul
test_1588.jpg,tablet_kapsul
test_1589.JPG,cangkang_telur
test_1590.jpg,botol_aerosol
test_1591.jpg,kantong_plastik
test_1592.jpg,bohlam
test_1593.jpg,botol_aerosol
test_1594.jpg,botol_aerosol
test_1595.jpg,botol_aerosol
test_1596.png,botol_aerosol
test_1597.jpg,sisa_makanan
test_1598.jpg,baterai
test_1599.jpg,botol_aerosol
test_1600.png,cangkang_telur
test_1601.jpg,tablet_kapsul
test_1602.jpg,botol_obat
test_1603.jpg,cangkang_telur
test_1604.jpg,cangkang_telur
test_1605.JPG,sisa_makanan
test_1606.jpg,botol_aerosol
test_1607.jpg,tablet_kapsul
test_1608.jpg,botol_aerosol
test_1609.jpg,botol_aerosol
test_1610.jpg,sisa_makanan
test_1611.png,cangkang_telur
test_1612.jpg,botol_aerosol
test_1613.jpg,tablet_kapsul
test_1614.jpg,cangkang_telur
test_1615.jpg,kantong_plastik
test_1616.jpg,cangkang_telur
test_1617.png,kantong_plastik
test_1618.png,botol_aerosol
test_1619.jpg,tissue
test_1620.jpg,tablet_kapsul
test_1621.jpg,botol_obat
test_1622.jpg,tissue
test_1623.jpg,botol_aerosol
test_1624.jpg,baterai
test_1625.jpg,tablet_kapsul
test_1626.jpg,kantong_plastik
test_1627.jpg,baterai
test_1628.jpg,botol_aerosol
test_1629.jpg,botol_aerosol
test_1630.jpg,tablet_kapsul
test_1631.jpg,baterai
test_1632.jpg,botol_aerosol
test_1633.jpg,botol_aerosol
test_1634.jpg,tablet_kapsul
test_1635.jpg,kaleng
test_1636.jpg,sisa_makanan
test_1637.JPG,botol_obat
test_1638.jpg,botol_aerosol
test_1639.png,botol_aerosol
test_1640.JPG,sisa_makanan
test_1641.png,cangkang_telur
test_1642.jpg,botol_aerosol
test_1643.jpg,kantong_plastik
test_1644.jpg,tablet_kapsul
test_1645.jpg,botol_aerosol
test_1646.jpg,cangkang_telur
test_1647.jpg,baterai
test_1648.jpg,tablet_kapsul
test_1649.jpg,tablet_kapsul
test_1650.jpg,kantong_plastik
test_1651.png,sisa_makanan
test_1652.png,botol_aerosol
test_1653.jpg,tablet_kapsul
test_1654.jpg,kantong_plastik
test_1655.jpg,sisa_makanan
test_1656.jpg,cangkang_telur
test_1657.jpg,cangkang_telur
test_1658.jpg,kantong_plastik
test_1659.jpg,cangkang_telur
test_1660.JPG,tablet_kapsul
test_1661.jpg,bohlam
test_1662.jpg,botol_aerosol
test_1663.jpg,botol_aerosol
test_1664.jpg,botol_aerosol
test_1665.jpg,kantong_plastik
test_1666.png,cangkang_telur
test_1667.jpg,kantong_plastik
test_1668.jpg,tablet_kapsul
test_1669.jpg,tablet_kapsul
test_1670.jpg,tablet_kapsul
test_1671.png,kantong_plastik
test_1672.jpg,botol_aerosol
test_1673.jpg,botol_aerosol
test_1674.jpg,sisa_makanan
test_1675.jpg,botol_aerosol
test_1676.png,cangkang_telur
test_1677.jpg,tablet_kapsul
test_1678.png,botol_aerosol
test_1679.png,cangkang_telur
test_1680.jpg,botol_aerosol
test_1681.jpg,tablet_kapsul
test_1682.jpg,botol_aerosol
test_1683.png,cangkang_telur
test_1684.jpg,cangkang_telur
test_1685.png,botol_aerosol
test_1686.jpg,tablet_kapsul
test_1687.jpg,cangkang_telur
test_1688.jpg,baterai
test_1689.jpg,tissue
test_1690.jpg,sisa_makanan
test_1691.jpg,tissue
test_1692.jpg,botol_aerosol
test_1693.png,botol_aerosol
test_1694.jpg,botol_aerosol
test_1695.jpg,cangkang_telur
test_1696.jpg,cangkang_telur
test_1697.jpg,tablet_kapsul
test_1698.jpg,bohlam
test_1699.jpg,kantong_plastik
test_1700.jpg,tablet_kapsul
test_1701.jpg,sisa_makanan
test_1702.png,botol_aerosol
test_1703.png,botol_aerosol
test_1704.jpg,botol_aerosol
test_1705.jpg,cangkang_telur
test_1706.jpg,baterai
test_1707.JPG,tablet_kapsul
test_1708.JPG,kantong_plastik
test_1709.png,cangkang_telur
test_1710.jpg,cangkang_telur
test_1711.jpg,tablet_kapsul
test_1712.jpg,tablet_kapsul
test_1713.png,kantong_plastik
test_1714.jpg,botol_aerosol
test_1715.jpg,botol_aerosol
test_1716.JPG,botol_obat
test_1717.jpg,bohlam
test_1718.jpg,cangkang_telur
test_1719.jpg,tablet_kapsul
test_1720.jpg,tablet_kapsul
test_1721.jpg,bohlam
test_1722.jpg,tablet_kapsul
test_1723.jpg,botol_aerosol
test_1724.jpg,sisa_makanan
test_1725.jpg,kantong_plastik
test_1726.JPG,tablet_kapsul
test_1727.png,baterai
test_1728.JPG,botol_obat
test_1729.png,botol_aerosol
test_1730.jpg,tablet_kapsul
test_1731.jpg,tablet_kapsul
test_1732.jpg,tablet_kapsul
test_1733.jpg,cangkang_telur
test_1734.jpg,cangkang_telur
test_1735.png,botol_aerosol
test_1736.jpg,kantong_plastik
test_1737.jpg,tablet_kapsul
test_1738.jpg,botol_aerosol
test_1739.JPG,cangkang_telur
test_1740.jpg,cangkang_telur
test_1741.jpg,cangkang_telur
test_1742.jpg,botol_aerosol
test_1743.jpg,botol_aerosol
test_1744.jpg,cangkang_telur
test_1745.jpg,cangkang_telur
test_1746.jpg,cangkang_telur
test_1747.jpg,cangkang_telur
test_1748.jpg,botol_aerosol
test_1749.jpg,cangkang_telur
test_1750.png,cangkang_telur
test_1751.png,cangkang_telur
test_1752.jpg,tablet_kapsul
test_1753.jpg,baterai
test_1754.jpg,botol_aerosol
test_1755.jpg,botol_aerosol
test_1756.jpg,botol_aerosol
test_1757.jpg,kantong_plastik
test_1758.jpg,botol_aerosol
test_1759.jpg,tablet_kapsul
test_1760.jpg,tablet_kapsul
test_1761.jpg,botol_aerosol
test_1762.jpg,baterai
test_1763.jpg,cangkang_telur
test_1764.jpg,botol_aerosol
test_1765.jpg,botol_aerosol
test_1766.jpg,baterai
test_1767.JPG,tablet_kapsul
test_1768.jpg,cangkang_telur
test_1769.JPG,botol_obat
